time,PWM0,PWM1,PWM2,PWM3
0.000000,48017,46303,47426,45776
0.010000,46138,44024,50157,44252
0.020000,46806,43849,47126,44187
0.030000,47318,43909,44152,44259
0.040000,46179,44444,44625,43192
0.050000,44369,43687,45669,42943
0.060000,43203,43012,45306,42707
0.070000,42552,42491,43967,42646
0.080000,42088,42460,42780,42136
0.090000,41425,41895,41846,41887
0.100000,40750,41238,41254,41683
0.110000,40125,41105,40854,40920
0.120000,39783,40692,39542,40312
0.130000,39523,40309,38496,39947
0.140000,38821,39795,38620,39583
0.150000,38155,38986,38363,39291
0.160000,37601,38052,38064,39322
0.170000,37313,38143,37652,38547
0.180000,37168,38006,36678,37763
0.190000,36704,37525,36614,37456
0.200000,36039,37067,36980,37039
0.210000,35774,36602,36262,36604
0.220000,35536,36095,35800,36534
0.230000,35556,35955,34811,36214
0.240000,35158,35886,34814,35850
0.250000,34995,35334,34247,35663
0.260000,34468,34914,34746,35568
0.270000,33866,34755,35074,35019
0.280000,33469,34419,35018,34524
0.290000,33393,34364,34402,33903
0.300000,33710,33635,33276,34085
0.310000,34053,33055,32455,34537
0.320000,33714,33430,32645,34128
0.330000,32967,33485,33139,33503
0.340000,32683,33273,32743,32968
0.350000,32404,32695,32678,33070
0.360000,31875,32945,32887,32540
0.370000,31744,32676,32466,32206
0.380000,31860,32259,31967,32180
0.390000,31810,32101,31808,32075
0.400000,31492,31754,32072,32134
0.410000,31455,32068,31501,31520
0.420000,31636,31589,30841,31608
0.430000,31438,31328,31096,31745
0.440000,31388,30774,31089,32064
0.450000,31321,30916,30865,31843
0.460000,30779,31222,31287,31370
0.470000,30692,30953,30987,31228
0.480000,31179,30464,30093,31454
0.490000,31133,30438,30105,31568
0.500000,31188,30605,29800,31300
0.510000,31180,31131,29471,30592
0.520000,31053,31037,29534,30317
0.530000,30902,30562,29939,30471
0.540000,30488,30145,30702,30803
0.550000,30659,29858,30289,31026
0.560000,30628,30100,30129,30907
0.570000,30265,30692,30367,30317
0.580000,30081,30975,30224,29756
0.590000,30182,30530,29937,29955
0.600000,30353,30404,29720,30129
0.610000,30316,30128,29908,30513
0.620000,30173,30222,30160,30570
0.630000,30067,30377,30251,30426
0.640000,29943,30493,30410,30243
0.650000,30162,30751,29889,29872
0.660000,30393,30724,29468,29827
0.670000,30711,30463,29135,30094
0.680000,30675,30297,29492,30426
0.690000,30591,30502,29786,30302
0.700000,30267,30674,30278,30100
0.710000,29989,30518,30603,30198
0.720000,30089,30433,30335,30345
0.730000,30112,30259,30385,30661
0.740000,29928,30441,30828,30614
0.750000,30059,30383,30585,30663
0.760000,30429,30065,30106,31036
0.770000,30550,30253,30179,31020
0.780000,30505,30110,30472,31174
0.790000,30506,30155,30607,31172
0.800000,30293,30443,30938,30930
0.810000,30235,30556,30883,30791
0.820000,30506,30626,30291,30766
0.830000,30584,30614,30266,30869
0.840000,30796,30678,30152,30837
0.850000,30872,30881,30147,30678
0.860000,30646,30731,30609,30813
0.870000,30265,30645,31230,30956
0.880000,30416,30819,30863,30872
0.890000,30517,30724,30639,31077
0.900000,30823,30886,30251,31032
0.910000,31008,30943,30188,30997
0.920000,30733,30812,30824,31127
0.930000,30408,30862,31387,31108
0.940000,30312,30912,31399,31148
0.950000,30439,31125,31112,31035
0.960000,30443,31161,31061,31081
0.970000,30366,31176,31241,31119
0.980000,30312,31263,31440,31037
0.990000,30409,30912,31407,31404
1.000000,30579,30643,31367,31798
1.010000,31003,31029,30981,31543
1.020000,31167,31438,30787,31154
1.030000,31218,31675,30678,30872
1.040000,30974,31536,31076,30950
1.050000,30952,31426,31186,31065
1.060000,30987,31479,31280,31018
1.070000,31105,31356,31207,31178
1.080000,31272,31313,31108,31296
1.090000,31471,31180,31037,31490
1.100000,31523,31224,31183,31478
1.110000,31676,31321,31121,31402
1.120000,31777,31470,31142,31212
1.130000,31760,31626,31222,31025
1.140000,31623,31604,31431,30999
1.150000,31435,31531,31653,31081
1.160000,31443,31418,31620,31262
1.170000,31315,31207,31770,31589
1.180000,31202,31112,31938,31794
1.190000,31152,31161,32003,31860
1.200000,31282,31684,31800,31443
1.210000,31503,32007,31450,31137
1.220000,31554,32145,31377,30989
1.230000,31480,31928,31534,31207
1.240000,31671,31713,31427,31492
1.250000,31902,31435,31309,31894
1.260000,31839,31128,31623,32266
1.270000,31996,31061,31574,32477
1.280000,31958,31188,31812,32392
1.290000,31837,31378,32046,32196
1.300000,31942,31730,31884,31889
1.310000,31873,31936,31943,31655
1.320000,31936,31954,31795,31663
1.330000,31849,31771,31917,31865
1.340000,31862,31861,31959,31807
1.350000,32146,32041,31599,31731
1.360000,32254,32285,31542,31491
1.370000,32279,32259,31483,31558
1.380000,32162,32249,31726,31521
1.390000,31860,32217,32209,31404
1.400000,31509,32052,32598,31516
1.410000,31330,31812,32705,31843
1.420000,31666,31743,32261,32117
1.430000,31989,31654,31941,32410
1.440000,32240,31669,31862,32495
1.450000,32324,31687,31899,32550
1.460000,32376,31660,31989,32571
1.470000,32383,31893,32159,32269
1.480000,32273,32181,32325,31910
1.490000,31970,32220,32571,31839
1.500000,31748,32273,32665,31827
1.510000,31762,32324,32483,31914
1.520000,31865,32215,32381,32112
1.530000,32152,32137,32216,32241
1.540000,32332,32106,32205,32308
1.550000,32513,32251,32193,32154
1.560000,32538,32435,32240,31941
1.570000,32284,32289,32498,32060
1.580000,32157,32154,32603,32191
1.590000,32075,32119,32699,32237
1.600000,32093,32198,32702,32171
1.610000,32219,32181,32493,32319
1.620000,32419,32155,32287,32479
1.630000,32466,32359,32393,32253
1.640000,32610,32255,32243,32413
1.650000,32999,32242,31853,32563
1.660000,33324,32241,31591,32701
1.670000,33244,32380,31877,32523
1.680000,32900,32406,32331,32353
1.690000,32568,32363,32612,32319
1.700000,32561,32544,32458,32195
1.710000,32538,32491,32406,32301
1.720000,32472,32578,32515,32195
1.730000,32755,32789,32159,32064
1.740000,33060,33040,31856,31876
1.750000,32951,32948,32059,31954
1.760000,32813,32218,32201,32724
1.770000,32822,31780,32250,33264
1.780000,32725,31950,32490,33141
1.790000,32501,32255,32840,32753
1.800000,32459,32486,32825,32508
1.810000,32719,32618,32418,32502
1.820000,32989,32626,32111,32616
1.830000,32981,32479,32262,32748
1.840000,32930,32481,32416,32730
1.850000,32945,32582,32447,32625
1.860000,32878,32574,32524,32631
1.870000,33070,32689,32318,32571
1.880000,32875,32647,32637,32531
1.890000,32418,32385,33125,32690
1.900000,32326,32545,33205,32504
1.910000,32290,32681,33128,32428
1.920000,32364,32610,32946,32600
1.930000,32448,32392,32848,32905
1.940000,32503,32501,32888,32826
1.950000,32573,32748,32881,32585
1.960000,32484,32816,32939,32526
1.970000,32514,32746,32800,32690
1.980000,32697,32835,32616,32662
1.990000,32845,32784,32520,32749
2.000000,32718,32645,32685,32919
2.010000,32807,32573,32626,33032
2.020000,32893,32592,32650,32997
2.030000,32948,32622,32650,32966
2.040000,33071,32814,32614,32732
2.050000,32869,32824,32866,32638
2.060000,32634,32742,33070,32657
2.070000,32492,32764,33164,32596
2.080000,32280,32922,33319,32412
2.090000,32033,32969,33455,32358
2.100000,31943,33063,33468,32253
2.110000,32036,33072,33275,32323
2.120000,32264,33004,33009,32512
2.130000,32760,32948,32567,32706
2.140000,33126,33057,32420,32629
2.150000,33233,33007,32479,32664
2.160000,33244,32884,32625,32708
2.170000,33096,32763,32893,32715
2.180000,32858,32613,33159,32769
2.190000,32815,32486,33127,32912
2.200000,32816,32711,33154,32671
2.210000,32736,32888,33148,32541
2.220000,32551,32847,33225,32612
2.230000,32682,32871,33013,32678
2.240000,32649,32961,33024,32649
2.250000,32584,32895,32986,32810
2.260000,32717,32665,32802,33141
2.270000,32968,32821,32621,33066
2.280000,32994,32836,32665,33069
2.290000,33101,32871,32617,33041
2.300000,33141,33065,32642,32830
2.310000,32966,33263,32834,32555
2.320000,32748,33102,32948,32689
2.330000,32705,32913,32953,32860
2.340000,32503,32744,33182,32966
2.350000,32530,32807,33111,32947
2.360000,32711,32930,32963,32853
2.370000,32963,32991,32750,32833
2.380000,33007,32827,32748,33012
2.390000,32938,32642,32943,33116
2.400000,33101,32605,32843,33157
2.410000,33119,32584,32937,33146
2.420000,33136,32529,32957,33205
2.430000,32864,32503,33271,33159
2.440000,32653,32595,33453,33004
2.450000,32563,32531,33406,33103
2.460000,32610,32603,33262,33126
2.470000,32962,32926,32864,32932
2.480000,32887,32895,32983,32952
2.490000,32844,32797,32996,33075
2.500000,32871,32756,32929,33174
2.510000,32836,32819,33009,33095
2.520000,32754,32970,33178,32849
2.530000,32739,33027,33100,32826
2.540000,32885,32838,32801,33160
2.550000,33059,32994,32690,33053
2.560000,33119,33137,32754,32833
2.570000,33100,33198,32844,32668
2.580000,33042,33397,32881,32405
2.590000,33138,33438,32632,32435
2.600000,33293,33348,32343,32659
2.610000,33139,33064,32559,32922
2.620000,33067,33025,32692,32925
2.630000,32940,32978,32859,32918
2.640000,32877,32940,32963,32914
2.650000,32573,33022,33316,32734
2.660000,32555,33132,33258,32634
2.670000,32628,33115,33121,32708
2.680000,32510,33254,33253,32562
2.690000,32363,33194,33333,32624
2.700000,32452,32947,33131,32960
2.710000,32801,32838,32735,33243
2.720000,32974,32884,32679,33280
2.730000,32997,33127,32797,33025
2.740000,33065,33292,32846,32790
2.750000,32968,33076,32955,32977
2.760000,33039,33231,32954,32781
2.770000,33222,33379,32778,32639
2.780000,33364,33333,32654,32686
2.790000,33396,33049,32698,32934
2.800000,33248,32751,32887,33193
2.810000,33101,32519,33069,33377
2.820000,33021,32511,33132,33403
2.830000,32939,32533,33184,33405
2.840000,32983,32725,33172,33206
2.850000,33050,32857,33115,33060
2.860000,32959,32885,33200,33008
2.870000,32761,32801,33334,33079
2.880000,32759,32783,33236,33155
2.890000,32829,33077,33174,32879
2.900000,32884,33436,33095,32514
2.910000,32831,33389,33063,32574
2.920000,33033,33416,32738,32668
2.930000,33087,33407,32736,32671
2.940000,33085,33375,32768,32682
2.950000,33081,33249,32732,32828
2.960000,33272,33264,32510,32849
2.970000,33178,33279,32642,32780
2.980000,33024,32999,32724,33048
2.990000,32940,32829,32825,33186
3.000000,33003,32590,32785,33413
3.010000,32969,32529,32961,33402
3.020000,33008,32724,33007,33199
3.030000,33206,32996,32861,32934
3.040000,33171,32974,32879,32963
3.050000,33109,32781,32925,33131
3.060000,32915,32762,33181,33054
3.070000,33030,32906,33020,32930
3.080000,32972,33078,33023,32778
3.090000,32825,33061,33078,32809
3.100000,32729,33163,33086,32731
3.110000,32651,33265,33115,32606
3.120000,32516,32994,33201,32848
3.130000,32724,32744,33007,33134
3.140000,32868,32673,32961,33235
3.150000,33079,32755,32856,33176
3.160000,33009,32682,32986,33232
3.170000,32872,32986,33178,32875
3.180000,32782,33204,33206,32628
3.190000,33023,33304,32792,32651
3.200000,33375,33394,32377,32699
3.210000,33447,33236,32403,32857
3.220000,33452,32939,32555,33067
3.230000,33297,32694,32835,33192
3.240000,33159,32638,33038,33152
3.250000,32777,32659,33401,33026
3.260000,32628,32899,33440,32761
3.270000,32300,33095,33627,32536
3.280000,32221,33235,33533,32438
3.290000,32345,33383,33258,32403
3.300000,32674,33433,32816,32505
3.310000,33097,33305,32396,32772
3.320000,33222,33056,32527,32932
3.330000,33076,32891,32842,32990
3.340000,32714,32752,33256,33018
3.350000,32676,32804,33199,33010
3.360000,32746,32869,33065,33023
3.370000,33035,33001,32733,33014
3.380000,33185,33051,32622,33012
3.390000,32959,32993,32941,32973
3.400000,32795,33128,33163,32714
3.410000,32791,33037,33113,32781
3.420000,32825,33045,33079,32763
3.430000,33014,33080,32825,32852
3.440000,33203,33019,32660,32981
3.450000,33337,32980,32635,33009
3.460000,33092,33056,33000,32803
3.470000,32879,33040,33133,32762
3.480000,32975,32919,32905,32946
3.490000,32982,32845,32940,33000
3.500000,33052,32775,32887,33075
3.510000,32939,32622,33017,33208
3.520000,32682,32546,33305,33221
3.530000,32874,32779,33101,33038
3.540000,33079,33124,32909,32750
3.550000,33292,33226,32722,32673
3.560000,33117,33104,32905,32785
3.570000,32824,32946,33219,32838
3.580000,32959,32822,33003,33012
3.590000,33344,32903,32607,33054
3.600000,33377,32967,32682,32988
3.610000,33300,32860,32834,33007
3.620000,33200,32754,32918,33079
3.630000,33250,32665,32796,33233
3.640000,33301,32915,32846,32960
3.650000,33310,33082,32888,32747
3.660000,33276,33114,32875,32710
3.670000,33307,33046,32829,32752
3.680000,33304,33067,32839,32705
3.690000,33186,32899,32853,32929
3.700000,32959,32732,33035,33095
3.710000,32802,32727,33137,33102
3.720000,32599,32859,33312,32929
3.730000,32469,32885,33331,32925
3.740000,32477,32939,33225,32945
3.750000,32538,32998,33138,32930
3.760000,32600,32869,33105,33073
3.770000,32672,32979,33096,32969
3.780000,33039,33219,32765,32800
3.790000,33266,33147,32651,32866
3.800000,33256,32940,32747,33070
3.810000,33156,32849,32902,33141
3.820000,33002,32729,33120,33168
3.830000,32983,32913,33159,32935
3.840000,32754,33020,33401,32708
3.850000,32507,32895,33526,32795
3.860000,32616,32920,33305,32824
3.870000,32858,32898,32968,32978
3.880000,33111,32764,32675,33253
3.890000,33313,32886,32563,33198
3.900000,33163,32885,32840,33107
3.910000,32902,32815,33164,33028
3.920000,32875,32900,33155,32897
3.930000,32928,32934,33037,32884
3.940000,32881,33018,33070,32794
3.950000,33044,33000,32831,32884
3.960000,33184,33071,32677,32877
3.970000,33338,33133,32617,32783
3.980000,33313,33016,32753,32832
3.990000,33078,32773,33040,33000
4.000000,32865,32845,33247,32889
4.010000,32658,32683,33251,33149
4.020000,32383,32467,33445,33372
4.030000,32415,32478,33372,33424
4.040000,32507,32657,33276,33316
4.050000,32634,32976,33188,33027
4.060000,32950,33182,32846,32910
4.070000,33240,33345,32562,32836
4.080000,33038,33256,32823,32871
4.090000,32871,33009,32932,33116
4.100000,32938,32883,32898,33233
4.110000,33081,32960,32805,33173
4.120000,33128,33060,32800,33076
4.130000,33284,33221,32654,32927
4.140000,33229,33203,32777,32861
4.150000,33314,33208,32677,32849
4.160000,33431,32983,32569,33070
4.170000,33103,32912,32982,33025
4.180000,32781,32694,33269,33136
4.190000,33011,32728,33001,33134
4.200000,33157,32809,32863,33110
4.210000,32985,32858,33091,33015
4.220000,32738,32812,33241,33065
4.230000,32793,32686,33027,33299
4.240000,32959,32814,32874,33223
4.250000,32991,32954,32940,33034
4.260000,32954,33130,33006,32825
4.270000,32775,33005,33179,32895
4.280000,32664,32923,33221,33001
4.290000,32711,32957,33142,33009
4.300000,32502,32957,33409,32920
4.310000,32181,32765,33677,33058
4.320000,32249,32902,33527,32989
4.330000,32457,33173,33265,32807
4.340000,32652,33576,33082,32433
4.350000,32723,33398,32974,32656
4.360000,32929,33182,32760,32970
4.370000,33361,32960,32347,33365
4.380000,33656,33095,32294,33234
4.390000,33364,33265,32868,32811
4.400000,32951,33045,33281,32823
4.410000,32729,32702,33437,33044
4.420000,32779,32872,33328,32897
4.430000,32871,33176,33127,32678
4.440000,32989,33270,32904,32654
4.450000,33150,33245,32731,32706
4.460000,33413,33100,32432,32954
4.470000,33455,33000,32473,33064
4.480000,33372,32914,32613,33113
4.490000,33362,32728,32650,33261
4.500000,33328,32592,32724,33361
4.510000,33387,32612,32695,33332
4.520000,33214,32699,32928,33165
4.530000,33062,32780,32984,33100
4.540000,32911,32826,33075,33032
4.550000,32845,32893,33059,32988
4.560000,32830,32924,33032,32974
4.570000,32911,32993,32934,32934
4.580000,32951,33003,32878,32962
4.590000,33042,33149,32802,32833
4.600000,32985,33336,32888,32613
4.610000,32912,33390,32894,32554
4.620000,33009,33152,32673,32869
4.630000,33073,32899,32622,33155
4.640000,32987,32727,32760,33301
4.650000,32760,32699,33061,33228
4.660000,32780,32886,33067,32999
4.670000,32761,33016,33115,32807
4.680000,32735,33230,33108,32592
4.690000,32677,33345,33084,32504
4.700000,32630,33354,33117,32466
4.710000,32724,33148,32946,32737
4.720000,33003,33084,32671,32910
4.730000,32997,32857,32761,33167
4.740000,32683,32702,33183,33231
4.750000,32642,32852,33251,33058
4.760000,32840,32849,33091,33054
4.770000,33065,32967,32878,33004
4.780000,33257,33194,32718,32818
4.790000,33203,33193,32785,32798
4.800000,33148,33072,32776,32957
4.810000,33047,33110,32898,32870
4.820000,32969,33118,32962,32803
4.830000,33229,32958,32582,33060
4.840000,33455,32914,32422,33125
4.850000,33392,32912,32631,33044
4.860000,33242,32795,32797,33097
4.870000,33046,32869,32998,32961
4.880000,32717,32809,33329,32889
4.890000,32533,32813,33378,32896
4.900000,32505,32835,33297,32935
4.910000,32662,32772,33077,33097
4.920000,32926,32986,32814,33018
4.930000,32814,33095,32998,32899
4.940000,32821,33071,33033,32872
4.950000,32943,33074,32956,32862
4.960000,32966,32929,32955,33018
4.970000,33145,32867,32753,33157
4.980000,33133,32885,32788,33173
4.990000,33234,33117,32734,32941
5.000000,33288,33204,32759,32773
5.010000,33237,33142,32827,32793
5.020000,33317,33000,32672,32992
5.030000,33097,32872,32917,33079
5.040000,32934,32813,33005,33158
5.050000,33059,32845,32810,33198
5.060000,33011,32845,32825,33232
5.070000,33069,32990,32781,33090
5.080000,33012,33182,32884,32816
5.090000,32708,33125,33159,32791
5.100000,32510,32933,33294,32942
5.110000,32649,32815,33078,33151
5.120000,33102,32872,32661,33221
5.130000,33270,33011,32669,33089
5.140000,33476,33113,32564,32988
5.150000,33480,33138,32628,32938
5.160000,33438,33179,32704,32860
5.170000,33308,33341,32903,32557
5.180000,33105,33207,33016,32633
5.190000,33038,33097,32947,32795
5.200000,32753,33083,33209,32767
5.210000,32688,33128,33239,32681
5.220000,32630,33178,33245,32627
5.230000,32672,33078,33104,32804
5.240000,32795,33080,32926,32913
5.250000,32843,33221,32915,32774
5.260000,33031,33454,32702,32584
5.270000,33204,33468,32494,32642
5.280000,33176,33231,32560,32880
5.290000,33129,32961,32678,33103
5.300000,33055,32763,32805,33269
5.310000,32966,32693,32901,33333
5.320000,33064,32579,32860,33419
5.330000,33348,32523,32608,33559
5.340000,33307,32581,32789,33477
5.350000,33099,32664,33065,33311
5.360000,32933,32613,33171,33321
5.370000,33020,32607,33009,33375
5.380000,33085,32707,33005,33259
5.390000,32952,32784,33164,33124
5.400000,32936,32580,33066,33362
5.410000,33067,32643,32900,33369
5.420000,32775,32532,33248,33379
5.430000,32556,32497,33472,33329
5.440000,32444,32501,33536,33303
5.450000,32313,32657,33588,33190
5.460000,32319,32946,33526,32933
5.470000,32467,33091,33257,32895
5.480000,32861,33015,32735,33172
5.490000,33111,33045,32534,33265
5.500000,32950,32818,32815,33430
5.510000,32947,32609,32865,33618
5.520000,32898,32786,33037,33363
5.530000,32826,32840,33110,33251
5.540000,32742,32822,33146,33257
5.550000,32821,32796,33030,33294
5.560000,32835,32768,33085,33249
5.570000,32797,32821,33150,33143
5.580000,32784,32766,33118,33203
5.590000,32794,32824,33041,33203
5.600000,32897,32973,32916,33088
5.610000,32965,33060,32936,32935
5.620000,33094,33130,32914,32781
5.630000,32910,33020,33129,32819
5.640000,32660,32829,33336,32960
5.650000,32427,32595,33471,33196
5.660000,32505,32560,33316,33315
5.670000,32848,32686,32952,33321
5.680000,33157,32834,32698,33262
5.690000,33283,33108,32715,32953
5.700000,33063,33181,33035,32721
5.710000,32811,33022,33214,32784
5.720000,32731,32911,33181,32897
5.730000,32840,32816,32974,33057
5.740000,33000,32819,32844,33106
5.750000,33116,32830,32768,33140
5.760000,33210,32803,32714,33199
5.770000,33366,32818,32588,33229
5.780000,33310,32961,32700,33063
5.790000,33207,33100,32800,32871
5.800000,32905,33150,33021,32750
5.810000,32908,33049,32880,32852
5.820000,32888,32696,32890,33181
5.830000,33151,32689,32734,33194
5.840000,33234,32787,32805,33063
5.850000,33204,32639,32889,33174
5.860000,33162,32550,32932,33275
5.870000,33143,32484,32945,33355
5.880000,33111,32739,33072,33027
5.890000,33059,32785,33078,32975
5.900000,33082,32926,33023,32858
5.910000,33236,33021,32779,32854
5.920000,33379,33061,32607,32896
5.930000,33282,32856,32736,33073
5.940000,33333,32869,32652,33098
5.950000,33151,32904,32845,33007
5.960000,32865,32946,33063,32898
5.970000,32737,33192,33111,32602
5.980000,32745,33288,32980,32522
5.990000,32799,33215,32826,32661
6.000000,32886,32997,32717,32938
6.010000,33016,32930,32654,33045
6.020000,33139,32737,32608,33264
6.030000,33253,32763,32596,33252
6.040000,33083,32683,32836,33289
6.050000,32733,32572,33242,33273
6.060000,32693,32581,33272,33207
6.070000,32835,32781,33116,33030
6.080000,33186,33063,32774,32809
6.090000,33439,33134,32512,32829
6.100000,33232,32963,32825,32917
6.110000,33100,32687,32911,33181
6.120000,33149,32624,32782,33336
6.130000,33095,32759,32885,33187
6.140000,32809,32667,33231,33130
6.150000,32755,32874,33242,32898
6.160000,32711,32982,33157,32863
6.170000,32684,32977,33072,32952
6.180000,32844,33157,32860,32853
6.190000,33002,33280,32666,32809
6.200000,32910,33223,32811,32819
6.210000,32975,33045,32747,32988
6.220000,32847,33115,32948,32862
6.230000,32875,33272,32889,32700
6.240000,32598,33050,33202,32789
6.250000,32644,32848,33157,32940
6.260000,32646,32931,33246,32788
6.270000,32859,33044,33021,32732
6.280000,32995,33109,32896,32721
6.290000,33024,33021,32899,32827
6.300000,33120,33036,32796,32874
6.310000,33037,33041,32876,32894
6.320000,32971,32920,32854,33074
6.330000,33067,32917,32744,33099
6.340000,33227,32897,32621,33126
6.350000,33315,32958,32637,33025
6.360000,33397,33388,32672,32508
6.370000,33226,33416,32834,32382
6.380000,32964,33170,32979,32619
6.390000,33040,33165,32812,32679
6.400000,32983,32945,32863,32892
6.410000,32910,32613,32881,33275
6.420000,32962,32421,32848,33528
6.430000,32934,32713,33019,33209
6.440000,32701,32901,33311,32943
6.450000,32681,32942,33232,32947
6.460000,32908,33092,32923,32903
6.470000,33159,33076,32660,33018
6.480000,33089,32937,32821,33124
6.490000,33195,32867,32726,33220
6.500000,33432,32784,32501,33360
6.510000,33571,32807,32477,33338
6.520000,33651,33086,32565,32970
6.530000,33456,33094,32849,32795
6.540000,33250,32920,32972,32913
6.550000,33008,32856,33136,32932
6.560000,32866,32752,33166,33034
6.570000,32939,32701,32990,33167
6.580000,32856,32721,33087,33157
6.590000,32778,32902,33233,32893
6.600000,32777,32904,33173,32893
6.610000,33022,32721,32870,33178
6.620000,33247,32664,32670,33350
6.630000,33438,32676,32614,33363
6.640000,33346,32696,32838,33281
6.650000,33184,32836,33062,33040
6.660000,33098,32813,33047,33058
6.670000,33218,32718,32813,33244
6.680000,33277,32539,32789,33425
6.690000,33137,32662,33049,33196
6.700000,32811,32667,33360,33084
6.710000,32369,32520,33627,33207
6.720000,32216,32414,33570,33408
6.730000,32483,32656,33268,33294
6.740000,32713,32870,33121,33123
6.750000,32956,33077,32880,33003
6.760000,33015,33165,32841,32925
6.770000,32931,33107,32976,32903
6.780000,32664,32868,33183,33122
6.790000,32647,32766,33118,33282
6.800000,32843,32705,32784,33536
6.810000,33209,32878,32509,33443
6.820000,33285,33122,32613,33127
6.830000,33280,33158,32658,33045
6.840000,33427,33160,32470,33072
6.850000,33473,33110,32460,33107
6.860000,33353,33036,32619,33118
6.870000,33215,32908,32794,33148
6.880000,33186,32988,32836,33011
6.890000,33076,33053,32910,32920
6.900000,33145,33043,32731,32984
6.910000,33155,33018,32689,33025
6.920000,33059,32876,32817,33112
6.930000,32920,32633,32942,33327
6.940000,32865,32698,33032,33232
6.950000,32871,32721,33078,33156
6.960000,32825,32810,33132,33066
6.970000,32922,32825,33010,33105
6.980000,33258,32863,32741,33120
6.990000,33710,32837,32346,33278
7.000000,33718,32675,32512,33422
7.010000,33625,32809,32762,33193
7.020000,33455,32653,32889,33296
7.030000,33444,32754,32849,33201
7.040000,33237,33017,33051,32856
7.050000,32846,33307,33336,32448
7.060000,32622,33441,33314,32313
7.070000,32651,33424,32995,32491
7.080000,32811,33272,32704,32803
7.090000,32884,33342,32656,32797
7.100000,32866,33413,32646,32794
7.110000,32754,33400,32795,32769
7.120000,32748,33315,32792,32850
7.130000,32919,33243,32632,32962
7.140000,33015,33175,32604,33041
7.150000,33080,33301,32656,32842
7.160000,32842,33336,32955,32678
7.170000,32580,33213,33126,32773
7.180000,32464,32934,33146,33077
7.190000,32660,32916,32920,33191
7.200000,32924,33115,32779,33003
7.210000,32841,33390,32986,32636
7.220000,32687,33495,33093,32490
7.230000,32859,33467,32792,32612
7.240000,32946,33331,32702,32799
7.250000,33079,33150,32575,33044
7.260000,33022,32981,32792,33131
7.270000,33070,32890,32783,33213
7.280000,33010,32844,32853,33278
7.290000,32871,32833,33006,33260
7.300000,32925,32803,32898,33329
7.310000,32966,32629,32914,33457
7.320000,33152,32683,32812,33403
7.330000,33180,32861,32857,33217
7.340000,33194,33116,32921,32906
7.350000,33127,33164,32987,32795
7.360000,33070,33165,32973,32774
7.370000,33211,33241,32754,32760
7.380000,33086,33168,32907,32771
7.390000,32693,32948,33265,32894
7.400000,32547,32693,33328,33115
7.410000,32655,32669,33161,33194
7.420000,32792,32780,33005,33170
7.430000,32902,33068,32949,32890
7.440000,33013,32990,32837,32969
7.450000,33243,33014,32619,33008
7.460000,33202,32993,32751,32988
7.470000,33189,33000,32810,32950
7.480000,33210,33059,32804,32882
7.490000,33337,32983,32675,32966
7.500000,33431,32938,32584,33053
7.510000,33102,32906,32970,33000
7.520000,32808,32731,33186,33115
7.530000,32621,32728,33227,33148
7.540000,32378,32991,33385,32897
7.550000,32324,32993,33292,32970
7.560000,32254,32911,33346,33051
7.570000,32480,33086,33143,32911
7.580000,32797,33093,32876,32940
7.590000,33083,33288,32709,32773
7.600000,33011,33304,32922,32673
7.610000,32926,33276,32995,32682
7.620000,32674,33146,33259,32726
7.630000,32555,32918,33297,32958
7.640000,32477,32870,33387,32978
7.650000,32420,32701,33359,33191
7.660000,32805,32895,32946,33136
7.670000,32993,33066,32866,32992
7.680000,32876,33082,33069,32924
7.690000,32646,32980,33329,32941
7.700000,32579,32816,33306,33143
7.710000,32645,32938,33203,33078
7.720000,32827,33256,33026,32788
7.730000,33041,33529,32805,32516
7.740000,33250,33524,32544,32563
7.750000,33217,33407,32592,32691
7.760000,33062,33233,32810,32780
7.770000,32952,32981,32943,32967
7.780000,32909,32991,33012,32920
7.790000,32936,33117,33027,32752
7.800000,32948,33166,32985,32694
7.810000,33247,33129,32592,32841
7.820000,33318,32840,32596,33141
7.830000,33285,32642,32715,33325
7.840000,33241,32521,32781,33462
7.850000,33261,32701,32817,33292
7.860000,33226,32795,32861,33178
7.870000,33244,33007,32816,32977
7.880000,33139,33128,32867,32852
7.890000,33018,33012,32888,32994
7.900000,33172,32922,32642,33190
7.910000,33350,33011,32515,33155
7.920000,33225,33017,32751,33073
7.930000,33227,33029,32732,33044
7.940000,33134,33043,32846,32971
7.950000,33020,32935,32932,33033
7.960000,33118,32823,32779,33177
7.970000,33088,32755,32810,33259
7.980000,33335,32910,32555,33174
7.990000,33409,33051,32513,33054
8.000000,33377,33171,32593,32872
8.010000,33084,33338,32932,32538
8.020000,32887,33222,33035,32571
8.030000,32926,33122,32918,32682
8.040000,33022,32972,32807,32865
8.050000,33233,32935,32600,33008
8.060000,33192,32865,32781,33034
8.070000,33091,32795,32944,33048
8.080000,33163,32826,32836,33054
8.090000,33138,33107,32909,32732
8.100000,32836,33072,33192,32677
8.110000,32450,32867,33543,32759
8.120000,32611,32973,33283,32724
8.130000,32797,32975,33032,32828
8.140000,32822,32994,32990,32893
8.150000,32703,32939,33113,32956
8.160000,32541,33009,33311,32829
8.170000,32604,33125,33155,32778
8.180000,32561,33160,33150,32775
8.190000,32338,32994,33314,32942
8.200000,32465,32945,33136,33047
8.210000,32616,32884,33104,33064
8.220000,32518,32673,33291,33197
8.230000,32604,32650,33252,33223
8.240000,32522,32808,33418,33029
8.250000,32558,33059,33423,32742
8.260000,32617,33091,33318,32731
8.270000,32810,33170,33066,32734
8.280000,32876,33295,33042,32585
8.290000,32673,33277,33271,32523
8.300000,32649,33190,33181,32658
8.310000,32792,32965,32929,33013
8.320000,33102,32874,32597,33268
8.330000,33116,32813,32703,33352
8.340000,32972,32779,32983,33284
8.350000,32925,32816,33065,33180
8.360000,33026,32862,32934,33151
8.370000,32984,33026,33011,32959
8.380000,33062,32974,32894,33013
8.390000,33252,33078,32725,32929
8.400000,33370,33178,32677,32794
8.410000,33318,33127,32734,32826
8.420000,33206,33215,32837,32705
8.430000,33296,33278,32689,32641
8.440000,33007,33223,32974,32596
8.450000,32656,32859,33205,32922
8.460000,32545,32739,33234,33069
8.470000,32505,32653,33188,33241
8.480000,32542,32733,33223,33154
8.490000,32585,32757,33223,33124
8.500000,32693,32885,33163,32997
8.510000,32704,32764,33194,33090
8.520000,32736,32718,33150,33177
8.530000,32959,32961,32972,32971
8.540000,32907,32932,33130,32897
8.550000,32828,32760,33232,33014
8.560000,32757,32798,33308,32970
8.570000,32753,32805,33276,32979
8.580000,32960,32859,33050,32989
8.590000,33094,33019,32987,32856
8.600000,33225,33074,32888,32837
8.610000,33192,33103,32986,32778
8.620000,33115,33149,33104,32655
8.630000,33088,33139,33076,32647
8.640000,32888,33141,33248,32603
8.650000,32576,33065,33495,32625
8.660000,32442,32902,33478,32849
8.670000,32441,32859,33406,32954
8.680000,32585,32555,33156,33376
8.690000,32846,32732,32958,33286
8.700000,32999,32919,32916,33073
8.710000,33148,33059,32841,32889
8.720000,33302,33254,32760,32638
8.730000,33309,33178,32729,32702
8.740000,33217,32972,32827,32871
8.750000,33219,32841,32833,32977
8.760000,33156,32685,32936,33084
8.770000,33047,32625,33060,33112
8.780000,32985,32596,33079,33163
8.790000,32902,32605,33117,33170
8.800000,32752,32739,33285,32999
8.810000,32656,32876,33387,32809
8.820000,32676,32722,33273,33016
8.830000,32921,32779,32998,33084
8.840000,32975,32746,33014,33144
8.850000,33212,32696,32808,33254
8.860000,33292,32637,32788,33343
8.870000,33166,32583,32991,33349
8.880000,33137,32545,33000,33388
8.890000,32793,32457,33361,33367
8.900000,32593,32472,33467,33340
8.910000,32639,32670,33412,33114
8.920000,32611,32815,33381,32981
8.930000,32695,32895,33267,32896
8.940000,32889,32973,33016,32898
8.950000,33176,32836,32736,33115
8.960000,33204,32891,32819,33066
8.970000,32984,32932,33101,32968
8.980000,32703,32825,33358,32998
8.990000,32613,32789,33336,33078
9.000000,32555,32943,33366,32930
9.010000,32632,32987,33192,32967
9.020000,32868,32831,32951,33186
9.030000,32904,32531,32961,33515
9.040000,33103,32607,32814,33510
9.050000,33345,32812,32653,33334
9.060000,33370,32967,32720,33121
9.070000,33306,33166,32776,32873
9.080000,33177,33207,32842,32779
9.090000,32970,33137,33012,32762
9.100000,32786,33043,33165,32772
9.110000,32655,32979,33258,32788
9.120000,32819,33168,33017,32664
9.130000,33021,33297,32790,32592
9.140000,32955,33188,32900,32677
9.150000,32728,32962,33156,32833
9.160000,32713,32862,33087,33004
9.170000,32730,33031,33039,32897
9.180000,32704,33116,33038,32826
9.190000,32709,33034,33025,32908
9.200000,32733,32918,33034,33013
9.210000,32644,32802,33170,33091
9.220000,32641,32676,33159,33236
9.230000,32490,32853,33360,33007
9.240000,32669,32858,33108,33076
9.250000,32868,33026,32905,32992
9.260000,32989,33171,32843,32849
9.270000,33060,33139,32820,32868
9.280000,33017,32926,32910,33050
9.290000,33049,32874,32928,33097
9.300000,33207,33159,32829,32821
9.310000,33151,33196,32875,32766
9.320000,33059,33162,32883,32827
9.330000,33140,33114,32746,32914
9.340000,32977,33058,32953,32909
9.350000,32887,33062,33055,32845
9.360000,32773,33096,33177,32750
9.370000,32845,33133,33058,32738
9.380000,33144,33145,32678,32861
9.390000,33396,32989,32481,33088
9.400000,33492,32816,32468,33304
9.410000,33449,32661,32618,33424
9.420000,33294,32559,32838,33444
9.430000,32980,32615,33177,33273
9.440000,32803,32767,33264,33104
9.450000,32707,32807,33246,33090
9.460000,32697,32893,33162,33060
9.470000,32914,33007,32887,33029
9.480000,33213,32977,32606,33125
9.490000,33382,33049,32540,33073
9.500000,33237,32956,32753,33116
9.510000,33249,32923,32757,33126
9.520000,33045,32948,32951,33066
9.530000,32704,32752,33211,33204
9.540000,32654,32785,33201,33158
9.550000,32930,32995,32927,32979
9.560000,33174,33307,32732,32678
9.570000,33022,33301,32907,32645
9.580000,32876,33130,32998,32799
9.590000,32831,32862,33015,33055
9.600000,32842,32788,33011,33151
9.610000,32749,32802,33078,33159
9.620000,32759,32795,33022,33207
9.630000,32963,32973,32844,33069
9.640000,33147,32924,32685,33159
9.650000,33280,32969,32609,33144
9.660000,33052,33046,32925,32973
9.670000,32865,33163,33094,32774
9.680000,32691,33275,33238,32556
9.690000,32737,33213,33096,32617
9.700000,32946,33241,32846,32665
9.710000,33060,33228,32794,32693
9.720000,33045,33035,32857,32884
9.730000,32723,32954,33271,32830
9.740000,32775,32930,33135,32884
9.750000,32752,33171,33144,32652
9.760000,32725,33284,33101,32568
9.770000,32783,33243,32929,32694
9.780000,32965,33121,32684,32931
9.790000,33246,33207,32524,32857
9.800000,33194,33201,32729,32771
9.810000,33273,33198,32652,32774
9.820000,33187,33071,32724,32891
9.830000,33040,32930,32837,33021
9.840000,32878,32990,32995,32918
9.850000,33016,33065,32783,32900
9.860000,33168,33076,32585,32984
9.870000,32997,32946,32849,33035
9.880000,32722,32795,33129,33111
9.890000,32652,32847,33165,33068
9.900000,32860,32847,32944,33123
9.910000,33057,32981,32799,33057
9.920000,33042,32967,32907,33037
9.930000,33287,32858,32631,33226
9.940000,33390,32859,32628,33215
9.950000,33610,32902,32486,33174
9.960000,33685,33121,32450,32989
9.970000,33456,33135,32745,32853
9.980000,33113,33068,33073,32796
9.990000,33183,33057,32875,32847
