0.000000000000000000e+00,-3.488458273896205553e-01
1.000000000000000021e-02,-2.598265904521268044e-01
2.000000000000000042e-02,-8.850372385966766287e-02
2.999999999999999889e-02,-9.883083762945159279e-03
4.000000000000000083e-02,-3.056066529231949574e-02
5.000000000000000278e-02,-1.039529437655945937e-01
5.999999999999999778e-02,-8.414203362967200006e-02
7.000000000000000666e-02,-4.655964055118858719e-02
8.000000000000000167e-02,-4.359720768631076410e-04
8.999999999999999667e-02,5.522160832866695665e-03
1.000000000000000056e-01,8.121287760500695008e-03
1.100000000000000006e-01,3.757598827412991088e-02
1.199999999999999956e-01,7.637059328432045657e-02
1.300000000000000044e-01,9.251813444224292471e-02
1.400000000000000133e-01,7.113971481505698691e-02
1.499999999999999944e-01,6.794784950369074650e-02
1.600000000000000033e-01,5.431246455436852805e-02
1.700000000000000122e-01,9.367777353098762083e-02
1.799999999999999933e-01,1.242591560676142570e-01
1.900000000000000022e-01,9.989692992571878871e-02
2.000000000000000111e-01,8.379529411431978214e-02
2.099999999999999922e-01,1.055549131351879444e-01
2.200000000000000011e-01,9.646900169542481362e-02
2.300000000000000100e-01,1.251230117606890457e-01
2.399999999999999911e-01,1.110943662701400353e-01
2.500000000000000000e-01,1.124046815637446683e-01
2.600000000000000089e-01,7.975204452746431638e-02
2.700000000000000178e-01,7.969001263842945271e-02
2.800000000000000266e-01,7.783746657105791722e-02
2.899999999999999800e-01,1.000462219110443834e-01
2.999999999999999889e-01,9.687793078983876482e-02
3.099999999999999978e-01,9.133100850816364136e-02
3.200000000000000067e-01,9.461817324359694803e-02
3.300000000000000155e-01,7.823978769010390966e-02
3.400000000000000244e-01,8.714789262570189765e-02
3.500000000000000333e-01,5.730201700301036649e-02
3.599999999999999867e-01,6.366328017827163621e-02
3.699999999999999956e-01,6.561535102571088018e-02
3.800000000000000044e-01,6.126010276544463506e-02
3.900000000000000133e-01,5.668587590805746618e-02
4.000000000000000222e-01,3.093464930578245994e-02
4.100000000000000311e-01,6.925952142497297792e-02
4.199999999999999845e-01,5.585993641987295477e-02
4.299999999999999933e-01,3.060519484792013911e-02
4.400000000000000022e-01,1.370915485301485090e-02
4.500000000000000111e-01,3.173757734325380331e-02
4.600000000000000200e-01,2.164893247452608430e-02
4.700000000000000289e-01,1.972190332502498505e-02
4.799999999999999822e-01,2.728223208975789904e-02
4.899999999999999911e-01,1.497927322887737840e-02
5.000000000000000000e-01,3.255690831025871701e-02
5.100000000000000089e-01,5.782937126790649307e-02
5.200000000000000178e-01,3.866720496175712896e-02
5.300000000000000266e-01,6.048004679084428500e-03
5.400000000000000355e-01,-3.116689003889531323e-02
5.500000000000000444e-01,-1.616855630037567979e-02
5.600000000000000533e-01,-5.555876667761295434e-03
5.700000000000000622e-01,4.616924046612990926e-03
5.799999999999999600e-01,1.493124702264753828e-02
5.899999999999999689e-01,-5.034747814183644990e-03
5.999999999999999778e-01,-3.948092988865237359e-03
6.099999999999999867e-01,-2.846001052589272259e-02
6.199999999999999956e-01,-2.968524671680069019e-02
6.300000000000000044e-01,-2.513884993949833460e-02
6.400000000000000133e-01,-2.757882241960234182e-02
6.500000000000000222e-01,2.387822536177950511e-03
6.600000000000000311e-01,2.270157981434187469e-03
6.700000000000000400e-01,-5.637410979304056068e-03
6.800000000000000488e-01,-3.100503371711655493e-02
6.900000000000000577e-01,-2.471050286262638229e-02
7.000000000000000666e-01,-3.554431594146600232e-02
7.099999999999999645e-01,-5.650009979758736922e-02
7.199999999999999734e-01,-4.897173763390015588e-02
7.299999999999999822e-01,-6.591868886590648846e-02
7.399999999999999911e-01,-6.944708646737968172e-02
7.500000000000000000e-01,-6.249214529109476529e-02
7.600000000000000089e-01,-6.657776769121992455e-02
7.700000000000000178e-01,-5.891322982436328348e-02
7.800000000000000266e-01,-8.087572815933398440e-02
7.900000000000000355e-01,-7.753233128479761205e-02
8.000000000000000444e-01,-7.318979658246864417e-02
8.100000000000000533e-01,-6.735796971418672729e-02
8.200000000000000622e-01,-4.638477975453834251e-02
8.300000000000000711e-01,-5.662718606908742625e-02
8.399999999999999689e-01,-4.679748638194224097e-02
8.499999999999999778e-01,-3.768460975757757792e-02
8.599999999999999867e-01,-7.084329439732163503e-02
8.699999999999999956e-01,-9.534835631125930522e-02
8.800000000000000044e-01,-6.183510475491245384e-02
8.900000000000000133e-01,-7.111904444428283900e-02
9.000000000000000222e-01,-4.516712746783933807e-02
9.100000000000000311e-01,-4.515263168875716104e-02
9.200000000000000400e-01,-8.203141644666270271e-02
9.300000000000000488e-01,-9.127381591016631157e-02
9.400000000000000577e-01,-8.610005781465068786e-02
9.500000000000000666e-01,-6.091994630022867091e-02
9.599999999999999645e-01,-6.650413227774409908e-02
9.699999999999999734e-01,-7.386468708630500313e-02
9.799999999999999822e-01,-7.130050136378419945e-02
9.899999999999999911e-01,-9.727940610376754893e-02
1.000000000000000000e+00,-1.087476084009515037e-01
1.010000000000000009e+00,-5.174728176869671653e-02
1.020000000000000018e+00,-2.487773847081685419e-02
1.030000000000000027e+00,-1.423628039613219348e-02
1.040000000000000036e+00,-4.833247902775655164e-02
1.050000000000000044e+00,-5.284540112715698651e-02
1.060000000000000053e+00,-4.584928547596872628e-02
1.070000000000000062e+00,-5.331432061067355871e-02
1.080000000000000071e+00,-4.980720178635782841e-02
1.090000000000000080e+00,-5.602744542223570684e-02
1.100000000000000089e+00,-5.265020628177660700e-02
1.110000000000000098e+00,-3.875616379054994814e-02
1.120000000000000107e+00,-2.616852215383777894e-02
1.130000000000000115e+00,-1.898260663102350337e-02
1.140000000000000124e+00,-3.133092073350018242e-02
1.150000000000000133e+00,-4.418112165281710274e-02
1.159999999999999920e+00,-4.821133807266677479e-02
1.169999999999999929e+00,-7.230313806155735934e-02
1.179999999999999938e+00,-7.913563012019160514e-02
1.189999999999999947e+00,-7.161500928452706194e-02
1.199999999999999956e+00,-1.487080415650381474e-02
1.209999999999999964e+00,1.182394503561598129e-02
1.219999999999999973e+00,1.309106726496695947e-02
1.229999999999999982e+00,-1.744560074692098200e-02
1.239999999999999991e+00,-2.273730304270688701e-02
1.250000000000000000e+00,-3.786348493109124858e-02
1.260000000000000009e+00,-7.058059156108745236e-02
1.270000000000000018e+00,-6.007190063479235509e-02
1.280000000000000027e+00,-5.203341625874290111e-02
1.290000000000000036e+00,-4.036533961291082634e-02
1.300000000000000044e+00,-1.128468470878351594e-03
1.310000000000000053e+00,4.968272855849153839e-03
1.320000000000000062e+00,7.364413215744310647e-03
1.330000000000000071e+00,-1.657112530565060457e-02
1.340000000000000080e+00,-5.215810107468139400e-04
1.350000000000000089e+00,2.827976274225212430e-02
1.360000000000000098e+00,4.389100890030396551e-02
1.370000000000000107e+00,3.319317914727262092e-02
1.380000000000000115e+00,2.477583544629792869e-02
1.390000000000000124e+00,1.080343468626488584e-02
1.400000000000000133e+00,-1.368989870438709448e-02
1.409999999999999920e+00,-3.371853736138960556e-02
1.419999999999999929e+00,-1.387884945662860511e-02
1.429999999999999938e+00,-1.442547530321810177e-02
1.439999999999999947e+00,-8.057982542254411504e-03
1.449999999999999956e+00,-8.908786186645858626e-03
1.459999999999999964e+00,-1.041798863048464321e-02
1.469999999999999973e+00,1.336295866303119188e-02
1.479999999999999982e+00,3.144151838315068642e-02
1.489999999999999991e+00,1.652780404335667946e-02
1.500000000000000000e+00,1.758895991834012740e-02
1.510000000000000009e+00,2.540946760194866955e-02
1.520000000000000018e+00,1.489077549958128972e-02
1.530000000000000027e+00,1.953062227056506436e-02
1.540000000000000036e+00,1.816030971625088794e-02
1.550000000000000044e+00,3.682129115468286973e-02
1.560000000000000053e+00,4.795466679330224330e-02
1.570000000000000062e+00,1.601315150344392521e-02
1.580000000000000071e+00,8.276934176438491969e-03
1.590000000000000080e+00,7.735674098387602428e-03
1.600000000000000089e+00,1.974764656034527430e-02
1.610000000000000098e+00,2.013013720680265767e-02
1.620000000000000107e+00,2.192694169952615069e-02
1.630000000000000115e+00,3.848260298232767523e-02
1.640000000000000124e+00,2.839219698915432591e-02
1.650000000000000133e+00,4.348978299063709779e-02
1.660000000000000142e+00,4.596783323839428309e-02
1.669999999999999929e+00,4.348083011868342923e-02
1.679999999999999938e+00,3.008010800998735246e-02
1.689999999999999947e+00,2.106368632019710307e-02
1.699999999999999956e+00,4.906007261124942925e-02
1.709999999999999964e+00,3.512622793706618451e-02
1.719999999999999973e+00,4.077102229629729624e-02
1.729999999999999982e+00,7.287522494443410270e-02
1.739999999999999991e+00,9.331262840695790650e-02
1.750000000000000000e+00,5.872887807365000795e-02
1.760000000000000009e+00,-1.512232914455426472e-02
1.770000000000000018e+00,-3.651035737167338674e-02
1.780000000000000027e+00,-1.334842806602727291e-02
1.790000000000000036e+00,6.429405317599529157e-03
1.800000000000000044e+00,2.774264584540608869e-02
1.810000000000000053e+00,4.658893503064031466e-02
1.820000000000000062e+00,4.551162926007060877e-02
1.830000000000000071e+00,1.928820186929871422e-02
1.840000000000000080e+00,2.050757498226616141e-02
1.850000000000000089e+00,3.233830352159749316e-02
1.860000000000000098e+00,2.426972780090408399e-02
1.870000000000000107e+00,4.562470603604945607e-02
1.880000000000000115e+00,2.095753833015692041e-02
1.890000000000000124e+00,-1.916440747433283132e-02
1.900000000000000133e+00,1.404327862157492800e-02
1.910000000000000142e+00,2.329990667255836881e-02
1.919999999999999929e+00,1.437170035690829573e-02
1.929999999999999938e+00,-6.411339448359326502e-03
1.939999999999999947e+00,9.285813494915537772e-03
1.949999999999999956e+00,3.223472418307440218e-02
1.959999999999999964e+00,2.517555932401382285e-02
1.969999999999999973e+00,1.840756177683511297e-02
1.979999999999999982e+00,3.492600164938442636e-02
1.989999999999999991e+00,2.659381804792664700e-02
2.000000000000000000e+00,1.223513743765592592e-03
2.010000000000000231e+00,5.330000495451044443e-03
2.020000000000000018e+00,1.023434394554039763e-02
2.030000000000000249e+00,1.337039943489555342e-02
2.040000000000000036e+00,3.651751816294674519e-02
2.049999999999999822e+00,1.906129181871642903e-02
2.060000000000000053e+00,6.442171514673612764e-03
2.069999999999999840e+00,1.203950718032543651e-02
2.080000000000000071e+00,2.084846951114154370e-02
2.089999999999999858e+00,1.479916491970480544e-02
2.100000000000000089e+00,2.443192793712696542e-02
2.109999999999999876e+00,2.621334121542415185e-02
2.120000000000000107e+00,2.253830017593084697e-02
2.129999999999999893e+00,3.181231383827818476e-02
2.140000000000000124e+00,4.310279979250539184e-02
2.149999999999999911e+00,2.770072815797162621e-02
2.160000000000000142e+00,1.450051435685558061e-02
2.169999999999999929e+00,9.175484162874579736e-05
2.180000000000000160e+00,-1.588906750988651820e-02
2.189999999999999947e+00,-1.764881582919155395e-02
2.200000000000000178e+00,1.064766455605287154e-02
2.209999999999999964e+00,1.764518755686159124e-02
2.220000000000000195e+00,9.959767432378217444e-04
2.229999999999999982e+00,1.411756455502724897e-02
2.240000000000000213e+00,1.406727428407518986e-02
2.250000000000000000e+00,8.989151702232661689e-04
2.260000000000000231e+00,-1.423093879790459683e-02
2.270000000000000018e+00,1.435929872930134452e-02
2.280000000000000249e+00,4.023214125164226856e-03
2.290000000000000036e+00,1.154455064456656570e-02
2.300000000000000266e+00,2.803977306134287917e-02
2.310000000000000053e+00,3.317534375258669038e-02
2.319999999999999840e+00,6.824513678590838836e-03
2.330000000000000071e+00,-3.452558007658172810e-03
2.339999999999999858e+00,-2.317361624511883947e-02
2.350000000000000089e+00,-4.122480388573720490e-03
2.359999999999999876e+00,1.313270780492391959e-02
2.370000000000000107e+00,2.137654472125906022e-02
2.379999999999999893e+00,-3.202473427814983911e-03
2.390000000000000124e+00,-2.131752445066606438e-02
2.399999999999999911e+00,-7.979312275639150950e-03
2.410000000000000142e+00,-1.304002421789301688e-02
2.419999999999999929e+00,-1.632798072772175327e-02
2.430000000000000160e+00,-2.924439679647066956e-02
2.439999999999999947e+00,-1.719817555261959202e-02
2.450000000000000178e+00,-2.244097572719577424e-02
2.459999999999999964e+00,-9.158565005033236436e-03
2.470000000000000195e+00,3.562401468872173488e-02
2.479999999999999982e+00,6.770418866978982798e-03
2.490000000000000213e+00,-2.091479068820434415e-03
2.500000000000000000e+00,-1.574358809296333385e-03
2.510000000000000231e+00,2.834874126928137953e-03
2.520000000000000018e+00,1.444171717779756635e-02
2.530000000000000249e+00,1.807451586169069035e-02
2.540000000000000036e+00,2.736938228060241656e-03
2.550000000000000266e+00,2.441178954886962654e-02
2.560000000000000053e+00,3.188271637685623910e-02
2.569999999999999840e+00,3.254869159096551029e-02
2.580000000000000071e+00,4.882818343966168623e-02
2.589999999999999858e+00,5.152281424856470365e-02
2.600000000000000089e+00,4.149676407950180640e-02
2.609999999999999876e+00,-6.114574624892399769e-04
2.620000000000000107e+00,4.543089721034301864e-03
2.629999999999999893e+00,-2.764394381620973416e-03
2.640000000000000124e+00,-4.624009644270433116e-03
2.649999999999999911e+00,-7.504130434251200452e-03
2.660000000000000142e+00,1.010819979789288718e-02
2.669999999999999929e+00,6.714833970671971533e-03
2.680000000000000160e+00,1.100443775813411858e-02
2.689999999999999947e+00,-3.187966875610265694e-03
2.700000000000000178e+00,-1.912489458210377830e-02
2.709999999999999964e+00,-1.198115082182652988e-02
2.720000000000000195e+00,-1.040813803272142360e-02
2.729999999999999982e+00,7.719476469978513861e-03
2.740000000000000213e+00,2.042081256369474712e-02
2.750000000000000000e+00,-1.272418662476171476e-02
2.760000000000000231e+00,1.565485520468857389e-02
2.770000000000000018e+00,3.251082190600264321e-02
2.780000000000000249e+00,2.385262340424266353e-02
2.790000000000000036e+00,-7.083393220805821004e-03
2.800000000000000266e+00,-3.641508621165939069e-02
2.810000000000000053e+00,-5.217412141017430810e-02
2.819999999999999840e+00,-4.336867633579596232e-02
2.830000000000000071e+00,-4.062061241729870292e-02
2.839999999999999858e+00,-1.490579038420603020e-02
2.850000000000000089e+00,-2.865782618422732606e-03
2.859999999999999876e+00,-9.591576180760895062e-03
2.870000000000000107e+00,-2.455576355341918329e-02
2.879999999999999893e+00,-1.740951566459526811e-02
2.890000000000000124e+00,1.570650265404655369e-02
2.899999999999999911e+00,4.332567294967730465e-02
2.910000000000000142e+00,2.240895291556519939e-02
2.919999999999999929e+00,3.472329302941128126e-02
2.930000000000000160e+00,2.594444259302567876e-02
2.939999999999999947e+00,2.015926798349270202e-02
2.950000000000000178e+00,7.888794422490668506e-03
2.959999999999999964e+00,2.235492427693592729e-02
2.970000000000000195e+00,1.226036248176792624e-02
2.979999999999999982e+00,-1.966414544369705225e-02
2.990000000000000213e+00,-2.821744934086978587e-02
3.000000000000000000e+00,-4.009484926710740749e-02
3.010000000000000231e+00,-4.205168282573902572e-02
3.020000000000000018e+00,-1.569878800658178544e-02
3.030000000000000249e+00,1.602225343766880417e-02
3.040000000000000036e+00,-1.704133154523552410e-03
3.050000000000000266e+00,-2.130226320858947392e-02
3.060000000000000053e+00,-2.364084029365544001e-02
3.070000000000000284e+00,5.472922680786843422e-03
3.080000000000000071e+00,1.168416653005849293e-02
3.089999999999999858e+00,-7.077618843427460615e-04
3.100000000000000089e+00,8.994301834552987165e-03
3.109999999999999876e+00,1.501402230191198513e-02
3.120000000000000107e+00,-1.982808745298731551e-02
3.129999999999999893e+00,-2.422161496242676224e-02
3.140000000000000124e+00,-2.457159790703793145e-02
3.149999999999999911e+00,-7.656088061973031003e-03
3.160000000000000142e+00,-2.653637363867263066e-02
3.169999999999999929e+00,3.581722147741237070e-03
3.180000000000000160e+00,1.837648818463269440e-02
3.189999999999999947e+00,3.505273664159590241e-02
3.200000000000000178e+00,4.583980469101483352e-02
3.209999999999999964e+00,1.625010369435716043e-02
3.220000000000000195e+00,-1.089269039082448216e-02
3.229999999999999982e+00,-3.234860932849070725e-02
3.240000000000000213e+00,-2.923027079422197902e-02
3.250000000000000000e+00,-3.577612520693092268e-02
3.260000000000000231e+00,-3.743995345986173267e-03
3.270000000000000018e+00,-1.124438389395059990e-03
3.280000000000000249e+00,1.228652350895935268e-02
3.290000000000000036e+00,2.738111204670809831e-02
3.300000000000000266e+00,3.568301471960797638e-02
3.310000000000000053e+00,2.695411976141381602e-02
3.320000000000000284e+00,-3.371314214698272870e-03
3.330000000000000071e+00,-2.227319012807310247e-02
3.339999999999999858e+00,-4.191654737740894976e-02
3.350000000000000089e+00,-2.115532021034765078e-02
3.359999999999999876e+00,-1.250843103498155799e-02
3.370000000000000107e+00,9.468551593407153674e-03
3.379999999999999893e+00,7.164398359854905196e-03
3.390000000000000124e+00,-1.524945895216382047e-02
3.399999999999999911e+00,2.203006965239422219e-03
3.410000000000000142e+00,-4.508527135640912585e-03
3.419999999999999929e+00,3.222748393356065491e-04
3.430000000000000160e+00,9.159224423404525514e-03
3.439999999999999947e+00,3.125461970554941921e-03
3.450000000000000178e+00,9.710789636378277384e-04
3.459999999999999964e+00,-4.656178736547014752e-03
3.470000000000000195e+00,-7.409062270990360473e-03
3.479999999999999982e+00,-7.515170637279751376e-03
3.490000000000000213e+00,-1.517351405591990839e-02
3.500000000000000000e+00,-1.575659919824707114e-02
3.510000000000000231e+00,-3.605266192918260559e-02
3.520000000000000018e+00,-4.670396190447602403e-02
3.530000000000000249e+00,-1.480131160687406721e-03
3.540000000000000036e+00,2.935127961967187032e-02
3.550000000000000266e+00,3.211310010460634301e-02
3.560000000000000053e+00,7.203137552890597427e-05
3.570000000000000284e+00,-1.948273654568417890e-02
3.580000000000000071e+00,-1.065833342033018286e-02
3.589999999999999858e+00,1.405470129942529636e-02
3.600000000000000089e+00,5.526658358415842409e-03
3.609999999999999876e+00,-9.304076136962104518e-03
3.620000000000000107e+00,-1.714596525839549510e-02
3.629999999999999893e+00,-1.701023962080734295e-02
3.640000000000000124e+00,1.036469824931671516e-02
3.649999999999999911e+00,1.966001412085884373e-02
3.660000000000000142e+00,1.680602653479617084e-02
3.669999999999999929e+00,1.177857828803454028e-02
3.680000000000000160e+00,1.446618694071661292e-02
3.689999999999999947e+00,-9.483425178563894761e-03
3.700000000000000178e+00,-2.987778142225665234e-02
3.709999999999999964e+00,-2.492595341603833642e-02
3.720000000000000195e+00,-1.484005395563578814e-02
3.729999999999999982e+00,-1.523087617677362608e-02
3.740000000000000213e+00,-7.515652434159253090e-03
3.750000000000000000e+00,-1.921871495316485002e-03
3.760000000000000231e+00,-1.687252354178750760e-02
3.770000000000000018e+00,-7.619479218416500129e-04
3.780000000000000249e+00,3.451471113117646899e-02
3.790000000000000036e+00,1.818116401271959587e-02
3.800000000000000266e+00,-9.611678179864685881e-03
3.810000000000000053e+00,-1.712081595674287346e-02
3.820000000000000284e+00,-2.854569432689515324e-02
3.830000000000000071e+00,5.466259498638022154e-04
3.839999999999999858e+00,-1.549236735814147736e-03
3.850000000000000089e+00,-2.005046750037144110e-02
3.859999999999999876e+00,-7.913247557124069740e-04
3.870000000000000107e+00,2.756417073075388777e-03
3.879999999999999893e+00,-7.638921620859386377e-03
3.890000000000000124e+00,8.174795252627138284e-03
3.899999999999999911e+00,-8.131580518350913639e-03
3.910000000000000142e+00,-1.907343136071465092e-02
3.919999999999999929e+00,1.582524842347866889e-03
3.930000000000000160e+00,6.425878811560440697e-03
3.939999999999999947e+00,9.211687877265976529e-03
3.950000000000000178e+00,1.389009368383524803e-02
3.959999999999999964e+00,2.109401199723761819e-02
3.970000000000000195e+00,2.733630314265440148e-02
3.979999999999999982e+00,6.955782823937818778e-03
3.990000000000000213e+00,-2.430746673521417753e-02
4.000000000000000000e+00,-1.167463675574243083e-02
4.009999999999999787e+00,-3.347978031928446757e-02
4.020000000000000462e+00,-5.859331190801416595e-02
4.030000000000000249e+00,-4.039600296996206930e-02
4.040000000000000036e+00,-1.833510961196684746e-02
4.049999999999999822e+00,1.241729844500087145e-02
4.060000000000000497e+00,3.436870846367179322e-02
4.070000000000000284e+00,4.563977417937511993e-02
4.080000000000000071e+00,1.140172547278503826e-02
4.089999999999999858e+00,-1.226677701404962732e-02
4.099999999999999645e+00,-9.872985863469671552e-03
4.110000000000000320e+00,6.540544467006419345e-03
4.120000000000000107e+00,1.187321733938805600e-02
4.129999999999999893e+00,3.155600943903504735e-02
4.139999999999999680e+00,1.758958190100848307e-02
4.150000000000000355e+00,2.506562823939296678e-02
4.160000000000000142e+00,5.296768748115669549e-03
4.169999999999999929e+00,-1.487369117412805364e-02
4.179999999999999716e+00,-3.635023987795985012e-02
4.190000000000000391e+00,-3.583724934442115637e-03
4.200000000000000178e+00,2.545240095024362773e-03
4.209999999999999964e+00,-8.070857625374152494e-03
4.219999999999999751e+00,-1.908648051844100829e-02
4.230000000000000426e+00,-2.016770739936920784e-02
4.240000000000000213e+00,1.812755170262570631e-03
4.250000000000000000e+00,8.813369099341800128e-03
4.259999999999999787e+00,2.007345893206598231e-02
4.270000000000000462e+00,-5.071624425225135756e-03
4.280000000000000249e+00,-1.015403606439212354e-02
4.290000000000000036e+00,3.047812927839351795e-04
4.299999999999999822e+00,-1.175244476206084056e-02
4.310000000000000497e+00,-3.899679913285508670e-02
4.320000000000000284e+00,-6.095048783356397590e-03
4.330000000000000071e+00,2.401480573090529133e-02
4.339999999999999858e+00,5.664591425079857495e-02
4.350000000000000533e+00,2.150019329579407404e-02
4.360000000000000320e+00,9.298316177048718614e-03
4.370000000000000107e+00,4.510608061709641022e-03
4.379999999999999893e+00,2.242680369007376412e-02
4.389999999999999680e+00,1.459933859399168907e-02
4.400000000000000355e+00,-1.613528313506010226e-02
4.410000000000000142e+00,-3.864446344552991547e-02
4.419999999999999929e+00,-8.282431081295697425e-04
4.429999999999999716e+00,2.744983296885454907e-02
4.440000000000000391e+00,2.951140567129457645e-02
4.450000000000000178e+00,2.643770831159308887e-02
4.459999999999999964e+00,1.853226354300322593e-02
4.469999999999999751e+00,4.134820401554288073e-03
4.480000000000000426e+00,-6.202628104393286511e-03
4.490000000000000213e+00,-1.841975477964786362e-02
4.500000000000000000e+00,-2.653945547742416963e-02
4.509999999999999787e+00,-1.423141962454173640e-02
4.520000000000000462e+00,-1.437933219109095197e-02
4.530000000000000249e+00,-8.488743963398683728e-03
4.540000000000000036e+00,-7.926755332744802804e-03
4.549999999999999822e+00,-8.604034800412311938e-04
4.560000000000000497e+00,9.135081832612632026e-04
4.570000000000000284e+00,1.049251809921505040e-02
4.580000000000000071e+00,7.413481779570457210e-03
4.589999999999999858e+00,2.381746954822195131e-02
4.600000000000000533e+00,3.121940075757107663e-02
4.610000000000000320e+00,2.890268667278040812e-02
4.620000000000000107e+00,9.168766276960968117e-03
4.629999999999999893e+00,-1.175897161353284086e-02
4.639999999999999680e+00,-2.766231884421251411e-02
4.650000000000000355e+00,-3.145417854946186420e-02
4.660000000000000142e+00,-8.615210404920947782e-04
4.669999999999999929e+00,6.693853186869587989e-03
4.679999999999999716e+00,2.325128580807766035e-02
4.690000000000000391e+00,2.470567803021213663e-02
4.700000000000000178e+00,1.991369577290703560e-02
4.709999999999999964e+00,3.013244107643359496e-03
4.719999999999999751e+00,9.594475556722303553e-03
4.730000000000000426e+00,-2.339876101762091223e-02
4.740000000000000213e+00,-4.686774132548646860e-02
4.750000000000000000e+00,-1.659303961409701669e-02
4.759999999999999787e+00,-9.133699338511528168e-03
4.770000000000000462e+00,7.483340747473260154e-03
4.780000000000000249e+00,2.846744260697356768e-02
4.790000000000000036e+00,1.290005767513686258e-02
4.799999999999999822e+00,-9.534537203018185643e-04
4.810000000000000497e+00,3.369546830757279548e-03
4.820000000000000284e+00,4.341088563874057581e-03
4.830000000000000071e+00,3.753884643909623405e-03
4.839999999999999858e+00,5.684786613917417603e-03
4.850000000000000533e+00,-3.569580881789160068e-03
4.860000000000000320e+00,-1.759765575553569328e-02
4.870000000000000107e+00,-1.010272737696090058e-02
4.879999999999999893e+00,-2.513252648910249340e-02
4.889999999999999680e+00,-1.996312264052500784e-02
4.900000000000000355e+00,-1.443332419054054079e-02
4.910000000000000142e+00,-1.482854872560362101e-02
4.919999999999999929e+00,1.368537167232883670e-02
4.929999999999999716e+00,2.718410828210689363e-03
4.940000000000000391e+00,2.348830656916173036e-03
4.950000000000000178e+00,8.431499507862030493e-03
4.959999999999999964e+00,-9.653361869353798211e-03
4.969999999999999751e+00,-3.636355670366845771e-03
4.980000000000000426e+00,-7.243079198088446177e-03
4.990000000000000213e+00,2.107953783215013241e-02
5.000000000000000000e+00,2.356050296989447429e-02
5.009999999999999787e+00,1.079213873026096254e-02
5.020000000000000462e+00,3.793574484422855206e-03
5.030000000000000249e+00,-1.927687150613643582e-02
5.040000000000000036e+00,-2.157280693939711558e-02
5.049999999999999822e+00,-5.118970192583172964e-03
5.060000000000000497e+00,-1.263484641106282953e-02
5.070000000000000284e+00,6.708869396971943282e-03
5.080000000000000071e+00,1.878488456740614113e-02
5.089999999999999858e+00,-4.541416513961085873e-03
5.100000000000000533e+00,-2.205616651927743560e-02
5.110000000000000320e+00,-1.705562318407510825e-02
5.120000000000000107e+00,7.809905546497354981e-03
5.129999999999999893e+00,1.149008366303326360e-02
5.139999999999999680e+00,2.314409144986966441e-02
5.150000000000000355e+00,1.610308645305614378e-02
5.160000000000000142e+00,1.734587756506898379e-02
5.169999999999999929e+00,2.912496651247029403e-02
5.179999999999999716e+00,7.145185388480716424e-03
5.190000000000000391e+00,1.838116464977632234e-03
5.200000000000000178e+00,-9.504344358125823775e-03
5.209999999999999964e+00,2.223633708209164089e-03
5.219999999999999751e+00,4.779732280059605792e-03
5.230000000000000426e+00,-4.805588075335175992e-03
5.240000000000000213e+00,4.067694750738775028e-05
5.250000000000000000e+00,1.193191385270684669e-02
5.259999999999999787e+00,3.797856906321343817e-02
5.270000000000000462e+00,3.205106590408781514e-02
5.280000000000000249e+00,-1.251671941647090587e-03
5.290000000000000036e+00,-2.263739091728231637e-02
5.299999999999999822e+00,-3.596353109737478876e-02
5.310000000000000497e+00,-3.746066236477457734e-02
5.320000000000000284e+00,-3.701527859560432843e-02
5.330000000000000071e+00,-2.753695410723841150e-02
5.339999999999999858e+00,-3.101890799947041449e-02
5.350000000000000533e+00,-2.920760231985929448e-02
5.360000000000000320e+00,-3.388986720834292338e-02
5.370000000000000107e+00,-2.175159571906877878e-02
5.379999999999999893e+00,-1.037799851205644178e-02
5.389999999999999680e+00,-1.133909992911322218e-02
5.400000000000000355e+00,-2.844975431753806600e-02
5.410000000000000142e+00,-9.041904386497729568e-03
5.419999999999999929e+00,-3.886243676118049384e-02
5.429999999999999716e+00,-3.692000027853817312e-02
5.440000000000000391e+00,-3.115421159363037165e-02
5.450000000000000178e+00,-1.750813806624681307e-02
5.459999999999999964e+00,1.219053222793620335e-02
5.469999999999999751e+00,2.375828586604582585e-02
5.480000000000000426e+00,2.285008768082360045e-02
5.490000000000000213e+00,2.282213061839065762e-02
5.500000000000000000e+00,-1.727225763277762116e-02
5.509999999999999787e+00,-2.520401221118651752e-02
5.520000000000000462e+00,-1.591361125080711968e-03
5.530000000000000249e+00,3.948964962617632860e-04
5.540000000000000036e+00,-3.639190692006094401e-03
5.549999999999999822e+00,1.729793067124952167e-03
5.560000000000000497e+00,-7.920198661005101387e-04
5.570000000000000284e+00,5.270245078244892994e-03
5.580000000000000071e+00,-3.024642564887249085e-04
5.589999999999999858e+00,7.662511423781166731e-03
5.600000000000000533e+00,2.513008586576311043e-02
5.610000000000000320e+00,2.904335470747367032e-02
5.620000000000000107e+00,3.791511274805482029e-02
5.629999999999999893e+00,1.198729795876190933e-02
5.639999999999999680e+00,-9.781015164327390779e-03
5.650000000000000355e+00,-3.139515435499960760e-02
5.660000000000000142e+00,-1.769044492592170698e-02
5.669999999999999929e+00,9.470574423179676030e-03
5.679999999999999716e+00,2.344530081632040588e-02
5.690000000000000391e+00,4.186330369570587240e-02
5.700000000000000178e+00,2.867922852749368520e-02
5.709999999999999964e+00,8.334780928250858090e-03
5.719999999999999751e+00,5.841418446234311786e-03
5.730000000000000426e+00,6.565235124829767177e-03
5.740000000000000213e+00,1.123322928844917856e-02
5.750000000000000000e+00,1.142691265757138537e-02
5.759999999999999787e+00,8.345342980195031429e-03
5.770000000000000462e+00,1.472326858938605675e-02
5.780000000000000249e+00,2.032023292812568452e-02
5.790000000000000036e+00,2.790843420788373039e-02
5.799999999999999822e+00,1.880245119292808451e-02
5.810000000000000497e+00,1.779191779019491382e-02
5.820000000000000284e+00,-1.752057456010705505e-02
5.830000000000000071e+00,4.669110754924604353e-03
5.839999999999999858e+00,9.525529109411174158e-03
5.850000000000000533e+00,-1.078302137762301299e-02
5.860000000000000320e+00,-1.628506719692877219e-02
5.870000000000000107e+00,-1.918685195650503619e-02
5.879999999999999893e+00,9.082713921859256537e-03
5.889999999999999680e+00,6.353620376260903438e-03
5.900000000000000355e+00,2.071480647983609674e-02
5.910000000000000142e+00,3.137788462280526741e-02
5.919999999999999929e+00,3.106792243393088210e-02
5.929999999999999716e+00,-1.098267852711992155e-03
5.940000000000000391e+00,1.177837303553550680e-02
5.950000000000000178e+00,4.623929085609161833e-03
5.959999999999999964e+00,1.824670530147964615e-03
5.969999999999999751e+00,2.887541604690653518e-02
5.980000000000000426e+00,3.436357533879157850e-02
5.990000000000000213e+00,2.303998975763591958e-02
6.000000000000000000e+00,2.347821642173641022e-03
6.009999999999999787e+00,2.554449954802947512e-03
6.020000000000000462e+00,-1.435504489035433796e-02
6.030000000000000249e+00,-5.016686036901652976e-03
6.040000000000000036e+00,-2.544449929407037111e-02
6.049999999999999822e+00,-4.339119470239787696e-02
6.060000000000000497e+00,-2.616633284526690209e-02
6.070000000000000284e+00,3.370315186534824942e-03
6.080000000000000071e+00,3.777686910792210639e-02
6.089999999999999858e+00,3.506145252550776220e-02
6.100000000000000533e+00,-4.095708716588489055e-03
6.110000000000000320e+00,-2.521714200867596761e-02
6.120000000000000107e+00,-1.765076074015139995e-02
6.129999999999999893e+00,-6.753295411669150462e-03
6.140000000000000568e+00,-2.877240257294826770e-02
6.150000000000000355e+00,3.795018641001623571e-03
6.160000000000000142e+00,6.918993270259898680e-03
6.169999999999999929e+00,8.510018522895862296e-04
6.179999999999999716e+00,2.532825738445476302e-02
6.190000000000000391e+00,3.190734731369256061e-02
6.200000000000000178e+00,1.147366087766124934e-02
6.209999999999999964e+00,1.545171335771892409e-03
6.219999999999999751e+00,4.237647162032212936e-03
6.230000000000000426e+00,2.394000775689521937e-02
6.240000000000000213e+00,-1.638701742367075845e-02
6.250000000000000000e+00,-1.799386106463231327e-02
6.259999999999999787e+00,-4.448697986227722473e-03
6.270000000000000462e+00,1.420851551241601902e-02
6.280000000000000249e+00,1.508773911195127569e-02
6.290000000000000036e+00,-2.820844318698911856e-04
6.299999999999999822e+00,6.149276012354748695e-03
6.310000000000000497e+00,-2.322957861845812225e-03
6.320000000000000284e+00,-1.551108079123979938e-02
6.330000000000000071e+00,-5.197693440286849272e-03
6.339999999999999858e+00,-1.943762341206317461e-03
6.350000000000000533e+00,4.223833704812327179e-03
6.360000000000000320e+00,4.718372067331585290e-02
6.370000000000000107e+00,2.814571032366775319e-02
6.379999999999999893e+00,-5.450267568246741287e-03
6.390000000000000568e+00,1.153008971218865905e-02
6.400000000000000355e+00,-1.692013043211585202e-02
6.410000000000000142e+00,-4.675568921372322967e-02
6.419999999999999929e+00,-5.293341044169135035e-02
6.429999999999999716e+00,-1.961203729707202553e-02
6.440000000000000391e+00,-1.693832063056777484e-02
6.450000000000000178e+00,-1.107462187676311674e-02
6.459999999999999964e+00,1.329366752607719949e-02
6.469999999999999751e+00,9.617457964196102563e-03
6.480000000000000426e+00,-1.635487271096815534e-02
6.490000000000000213e+00,-1.078667953704952678e-02
6.500000000000000000e+00,-8.066936945627099440e-03
6.509999999999999787e+00,-4.674772686990542360e-03
6.520000000000000462e+00,2.344304498468187392e-02
6.530000000000000249e+00,7.963399550888971071e-03
6.540000000000000036e+00,-1.090184285226074995e-02
6.549999999999999822e+00,-1.635354846747181373e-02
6.560000000000000497e+00,-2.300318437974563021e-02
6.570000000000000284e+00,-1.759557092994591329e-02
6.580000000000000071e+00,-2.150813651301167195e-02
6.589999999999999858e+00,-2.646075877471399697e-03
6.600000000000000533e+00,-3.661772921408683497e-03
6.610000000000000320e+00,-1.201247379617238417e-02
6.620000000000000107e+00,-1.163940475411380515e-02
6.629999999999999893e+00,-7.514945434533139811e-03
6.640000000000000568e+00,-1.534562761296938416e-02
6.650000000000000355e+00,-3.011397174474684559e-03
6.660000000000000142e+00,-5.603408903501666538e-03
6.669999999999999929e+00,-6.500248000193880639e-03
6.679999999999999716e+00,-2.328901043837514756e-02
6.690000000000000391e+00,-1.210626947876225316e-02
6.700000000000000178e+00,-2.228676691749187019e-02
6.709999999999999964e+00,-4.611342370783766409e-02
6.719999999999999751e+00,-4.644844333427252531e-02
6.730000000000000426e+00,-2.790645839032899166e-03
6.740000000000000213e+00,1.308461059101605553e-02
6.750000000000000000e+00,3.133794823092188320e-02
6.759999999999999787e+00,2.824353217116798084e-02
6.770000000000000462e+00,1.438810911360812773e-02
6.780000000000000249e+00,-1.841823116844113623e-02
6.790000000000000036e+00,-1.488071723407581419e-02
6.799999999999999822e+00,-1.021208911950383623e-02
6.810000000000000497e+00,1.848590367764432751e-02
6.820000000000000284e+00,2.975787747718729864e-02
6.830000000000000071e+00,2.496229813183492574e-02
6.839999999999999858e+00,3.169730229729492144e-02
6.850000000000000533e+00,2.267297662570973843e-02
6.860000000000000320e+00,9.705601662247471603e-03
6.870000000000000107e+00,-2.266932748707323718e-03
6.879999999999999893e+00,1.390406996320447085e-02
6.890000000000000568e+00,1.390370090385028602e-02
6.900000000000000355e+00,1.766911481053190167e-02
6.910000000000000142e+00,1.233324630251449519e-02
6.919999999999999929e+00,-6.365362864631707654e-03
6.929999999999999716e+00,-2.987210637574894134e-02
6.940000000000000391e+00,-1.356382535070074086e-02
6.950000000000000178e+00,-9.482478153258942777e-03
6.959999999999999964e+00,-3.523080786412935688e-03
6.969999999999999751e+00,6.629725884772445354e-04
6.980000000000000426e+00,1.564226044435656354e-02
6.990000000000000213e+00,2.107654501584433834e-02
7.000000000000000000e+00,-1.119697747491146290e-02
7.009999999999999787e+00,3.917026392571154071e-03
7.020000000000000462e+00,-1.692359566688330860e-02
7.030000000000000249e+00,3.965185311660667303e-03
7.040000000000000036e+00,1.911359559081458187e-02
7.049999999999999822e+00,3.115929523395384940e-02
7.060000000000000497e+00,3.740505343923189452e-02
7.070000000000000284e+00,3.495323711381052856e-02
7.080000000000000071e+00,2.025158024622619388e-02
7.089999999999999858e+00,2.525313335217243063e-02
7.100000000000000533e+00,2.379459205691280763e-02
7.110000000000000320e+00,1.336448105713201190e-02
7.120000000000000107e+00,7.505981374854850396e-03
7.129999999999999893e+00,9.013992381064784079e-03
7.140000000000000568e+00,1.645496633069849345e-03
7.150000000000000355e+00,1.708923367546219887e-02
7.160000000000000142e+00,5.163787144672414217e-03
7.169999999999999929e+00,-1.295273215076936553e-02
7.179999999999999716e+00,-3.626748878673657916e-02
7.190000000000000391e+00,-1.853707968620237415e-02
7.200000000000000178e+00,7.945120745024352935e-03
7.209999999999999964e+00,1.819572772195931706e-02
7.219999999999999751e+00,1.675403558235028650e-02
7.230000000000000426e+00,2.146867744230146133e-02
7.240000000000000213e+00,3.913991633669809678e-03
7.250000000000000000e+00,-8.208823787499319735e-03
7.259999999999999787e+00,-2.755151316641387890e-02
7.270000000000000462e+00,-2.525792312782542542e-02
7.280000000000000249e+00,-3.138405574521091479e-02
7.290000000000000036e+00,-3.417159697798771018e-02
7.299999999999999822e+00,-2.788574331661597752e-02
7.310000000000000497e+00,-4.239890304252175862e-02
7.320000000000000284e+00,-2.176468927176148510e-02
7.330000000000000071e+00,-8.331997457457064257e-03
7.339999999999999858e+00,1.357518481223606195e-02
7.350000000000000533e+00,9.393536429357078610e-03
7.360000000000000320e+00,8.880002409467575852e-03
7.370000000000000107e+00,2.365794715139679996e-02
7.379999999999999893e+00,3.233271952342599981e-03
7.390000000000000568e+00,-2.991449304856843780e-02
7.400000000000000355e+00,-4.224381393795766798e-02
7.410000000000000142e+00,-2.657306259337966631e-02
7.419999999999999929e+00,-1.171947299000023271e-02
7.429999999999999716e+00,1.548177344367619203e-02
7.440000000000000391e+00,2.226255979596902627e-03
7.450000000000000178e+00,1.344403472226636878e-02
7.459999999999999964e+00,8.182405796676528800e-04
7.469999999999999751e+00,3.471912466675279758e-03
7.480000000000000426e+00,1.082570222747919128e-02
7.490000000000000213e+00,7.551398688044962983e-03
7.500000000000000000e+00,4.869675780580138245e-03
7.509999999999999787e+00,-1.602901038875070155e-02
7.520000000000000462e+00,-3.344758972622408760e-02
7.530000000000000249e+00,-2.672558174731206465e-02
7.540000000000000036e+00,-6.080590042963984233e-03
7.549999999999999822e+00,-9.855951864870248283e-03
7.560000000000000497e+00,-2.133302224599378794e-02
7.570000000000000284e+00,1.164293641441623353e-02
7.580000000000000071e+00,1.473493424265620924e-02
7.589999999999999858e+00,3.555807496491515673e-02
7.600000000000000533e+00,1.821575747773102744e-02
7.610000000000000320e+00,1.349817013359595232e-02
7.620000000000000107e+00,-7.905149060733833097e-03
7.629999999999999893e+00,-2.475079737969058599e-02
7.640000000000000568e+00,-2.268050630042612106e-02
7.650000000000000355e+00,-3.780201453277368812e-02
7.660000000000000142e+00,6.626622408161179749e-03
7.669999999999999929e+00,1.357847881623781838e-02
7.679999999999999716e+00,-1.125504015065246404e-03
7.690000000000000391e+00,-1.771571837780666972e-02
7.700000000000000178e+00,-2.698345330297479902e-02
7.709999999999999964e+00,-4.428670644608390973e-03
7.719999999999999751e+00,3.103795973909804704e-02
7.730000000000000426e+00,5.350102519783431210e-02
7.740000000000000213e+00,4.712118960999957251e-02
7.750000000000000000e+00,2.426770769823737017e-02
7.759999999999999787e+00,3.931000867506173266e-03
7.770000000000000462e+00,-1.563697036138937679e-02
7.780000000000000249e+00,-4.965993408786264530e-03
7.790000000000000036e+00,1.092636758521195808e-02
7.799999999999999822e+00,1.282936294014990972e-02
7.810000000000000497e+00,2.107455376861499391e-02
7.820000000000000284e+00,-1.515783141162103075e-02
7.830000000000000071e+00,-3.037608551906793158e-02
7.839999999999999858e+00,-3.653846337886958867e-02
7.850000000000000533e+00,-1.128914883898092698e-02
7.860000000000000320e+00,-6.778705814251093087e-03
7.870000000000000107e+00,1.488978287658525301e-02
7.879999999999999893e+00,1.527952783695755296e-02
7.890000000000000568e+00,-3.065471066516824768e-03
7.900000000000000355e+00,1.031643199762433648e-03
7.910000000000000142e+00,1.383538917741238342e-02
7.919999999999999929e+00,-5.927212979905929546e-05
7.930000000000000604e+00,7.311593040304994497e-03
7.940000000000000391e+00,4.336137015939167845e-03
7.950000000000000178e+00,-7.945087326446236345e-03
7.959999999999999964e+00,-6.920141479950045298e-03
7.969999999999999751e+00,-1.560553857950846592e-02
7.980000000000000426e+00,1.545802380154247951e-02
7.990000000000000213e+00,1.974280353701623331e-02
8.000000000000000000e+00,2.435100280260309516e-02
8.009999999999999787e+00,2.651465497428920348e-02
8.019999999999999574e+00,1.195078182485027722e-02
8.029999999999999361e+00,1.187217489698295242e-02
8.040000000000000924e+00,1.158743283526435025e-03
8.050000000000000711e+00,5.959293364521041012e-03
8.060000000000000497e+00,-1.051313185891452652e-02
8.070000000000000284e+00,-1.721014343935087579e-02
8.080000000000000071e+00,-4.053636145347817334e-03
8.089999999999999858e+00,1.981093680420014866e-02
8.099999999999999645e+00,-4.338705285648043405e-03
8.109999999999999432e+00,-3.141682570419372655e-02
8.120000000000000995e+00,4.566091585889463234e-03
8.130000000000000782e+00,3.333777438699613536e-03
8.140000000000000568e+00,-2.462644958429962075e-03
8.150000000000000355e+00,-1.588955114350267678e-02
8.160000000000000142e+00,-1.062531513454967151e-02
8.169999999999999929e+00,7.154015749894868971e-03
8.179999999999999716e+00,1.610192477543467317e-03
8.189999999999999503e+00,-2.639595461047654010e-02
8.199999999999999289e+00,-1.361607286311441664e-02
8.210000000000000853e+00,-1.502129259896653815e-02
8.220000000000000639e+00,-4.195685693154792978e-02
8.230000000000000426e+00,-2.911845230593254966e-02
8.240000000000000213e+00,-1.792604189311079732e-02
8.250000000000000000e+00,9.314145332151762061e-03
8.259999999999999787e+00,7.099845416785872769e-03
8.269999999999999574e+00,2.032114296311762422e-02
8.279999999999999361e+00,2.711806756831708701e-02
8.290000000000000924e+00,1.002168988482841396e-02
8.300000000000000711e+00,6.436826620418271971e-03
8.310000000000000497e+00,-8.811991061704294373e-03
8.320000000000000284e+00,-3.751302451525341183e-03
8.330000000000000071e+00,-1.853120718447448870e-02
8.339999999999999858e+00,-2.506625804151827591e-02
8.349999999999999645e+00,-1.380971176370841477e-02
8.359999999999999432e+00,-1.789432160175676847e-03
8.370000000000000995e+00,8.362133309490519043e-03
8.380000000000000782e+00,5.281654086798260629e-03
8.390000000000000568e+00,2.351395768438721209e-02
8.400000000000000355e+00,3.022953441747111211e-02
8.410000000000000142e+00,1.591160302504364757e-02
8.419999999999999929e+00,2.226611282483339713e-02
8.429999999999999716e+00,3.444246220347572246e-02
8.439999999999999503e+00,1.049681260948636882e-02
8.449999999999999289e+00,-3.172450028033381442e-02
8.460000000000000853e+00,-2.827555368009171746e-02
8.470000000000000639e+00,-3.314826505823745967e-02
8.480000000000000426e+00,-1.957105672724133993e-02
8.490000000000000213e+00,-1.722728217574570272e-02
8.500000000000000000e+00,-1.233237671467947362e-04
8.509999999999999787e+00,-1.804351185125024903e-02
8.519999999999999574e+00,-1.747103311928299707e-02
8.529999999999999361e+00,1.848641249383857488e-02
8.540000000000000924e+00,5.383610013119046909e-04
8.550000000000000711e+00,-1.661718093673302324e-02
8.560000000000000497e+00,-8.366766781505635686e-03
8.570000000000000284e+00,-5.768180966771833083e-03
8.580000000000000071e+00,9.180714045236706283e-03
8.589999999999999858e+00,2.152470962936659654e-02
8.599999999999999645e+00,2.338104517744905506e-02
8.609999999999999432e+00,1.793939893660578128e-02
8.620000000000000995e+00,2.009099258557376852e-02
8.630000000000000782e+00,1.993834621903916096e-02
8.640000000000000568e+00,1.075215356975010861e-02
8.650000000000000355e+00,-5.553374779145101546e-03
8.660000000000000142e+00,-1.793490851845455300e-02
8.669999999999999929e+00,-1.485295303088374728e-02
8.679999999999999716e+00,-3.804440238035608490e-02
8.689999999999999503e+00,-3.575864202236403184e-03
8.700000000000001066e+00,1.119624818703840972e-02
8.710000000000000853e+00,2.428694322551269019e-02
8.720000000000000639e+00,4.320532022016185247e-02
8.730000000000000426e+00,2.568267226301192488e-02
8.740000000000000213e+00,2.125527273795449305e-03
8.750000000000000000e+00,-1.208639369535044559e-03
8.759999999999999787e+00,-1.555478959875680051e-02
8.769999999999999574e+00,-1.901742893844931767e-02
8.779999999999999361e+00,-1.879322612568786605e-02
8.790000000000000924e+00,-1.792230966554660826e-02
8.800000000000000711e+00,-8.839015730947427998e-03
8.810000000000000497e+00,2.660822048515995662e-03
8.820000000000000284e+00,-1.331317638155232914e-02
8.830000000000000071e+00,5.679469595153157149e-03
8.839999999999999858e+00,-6.274061928206060672e-03
8.849999999999999645e+00,-1.972487269194143304e-05
8.859999999999999432e+00,-8.522334145235279865e-03
8.870000000000000995e+00,-2.001700639603365070e-02
8.880000000000000782e+00,-1.701394249239411571e-02
8.890000000000000568e+00,-3.803158594105982698e-02
8.900000000000000355e+00,-2.957615224557232775e-02
8.910000000000000142e+00,1.076292087477015826e-03
8.919999999999999929e+00,8.181938752076867508e-03
8.929999999999999716e+00,1.754120741598505853e-02
8.939999999999999503e+00,2.826876723197082816e-02
8.950000000000001066e+00,1.771091542078339839e-02
8.960000000000000853e+00,1.665261894749240842e-02
8.970000000000000639e+00,7.340882572614029940e-03
8.980000000000000426e+00,-9.595852679037087177e-03
8.990000000000000213e+00,-5.948231013847446631e-03
9.000000000000000000e+00,9.850519281507591832e-03
9.009999999999999787e+00,1.405876533779097833e-02
9.019999999999999574e+00,3.990118134635907421e-03
9.029999999999999361e+00,-2.889087168214670570e-02
9.040000000000000924e+00,-3.494521299956178384e-03
9.050000000000000711e+00,2.139062783077490953e-02
9.060000000000000497e+00,2.546831753966023390e-02
9.070000000000000284e+00,3.830952242704057514e-02
9.080000000000000071e+00,3.316915160515046535e-02
9.089999999999999858e+00,1.910145611934045001e-02
9.099999999999999645e+00,9.775492263692966977e-03
9.109999999999999432e+00,5.456036411030012155e-03
9.120000000000000995e+00,3.673945400897223046e-02
9.130000000000000782e+00,4.545514832753493745e-02
9.140000000000000568e+00,1.843444149514391478e-02
9.150000000000000355e+00,-1.024835750045059897e-02
9.160000000000000142e+00,-8.561487033756642884e-03
9.169999999999999929e+00,1.073982509765988511e-02
9.179999999999999716e+00,1.168322136181015013e-02
9.189999999999999503e+00,9.768100393455075858e-04
9.200000000000001066e+00,-8.209026068189776218e-03
9.210000000000000853e+00,-2.147873605936387667e-02
9.220000000000000639e+00,-2.756826022858877012e-02
9.230000000000000426e+00,-1.172810265709151381e-02
9.240000000000000213e+00,-2.593973825711148613e-03
9.250000000000000000e+00,1.626646953412110366e-02
9.259999999999999787e+00,2.435993587996035728e-02
9.269999999999999574e+00,1.570541038089626196e-02
9.279999999999999361e+00,-9.631429352634819294e-03
9.290000000000000924e+00,-6.035938815159700398e-03
9.300000000000000711e+00,3.046408192621114647e-02
9.310000000000000497e+00,1.829909113612722751e-02
9.320000000000000284e+00,1.039815659312740871e-02
9.330000000000000071e+00,1.227900455798398155e-02
9.339999999999999858e+00,-3.419264216093874549e-03
9.349999999999999645e+00,6.776398557857697853e-04
9.359999999999999432e+00,1.820283958945041660e-03
9.370000000000000995e+00,1.099865029507317120e-02
9.380000000000000782e+00,2.090218898472910938e-02
9.390000000000000568e+00,4.697617659854038015e-03
9.400000000000000355e+00,-1.325800567618497933e-02
9.410000000000000142e+00,-2.852087671381318967e-02
9.419999999999999929e+00,-3.709354231218759540e-02
9.429999999999999716e+00,-3.453000601997183866e-02
9.439999999999999503e+00,-1.625687660114920330e-02
9.450000000000001066e+00,-1.498455219550793791e-02
9.460000000000000853e+00,-5.412985668129741135e-03
9.470000000000000639e+00,1.341931964542049209e-02
9.480000000000000426e+00,1.332182789474962992e-02
9.490000000000000213e+00,1.795167502832359027e-02
9.500000000000000000e+00,-5.852643316579118210e-03
9.509999999999999787e+00,8.502140032320020565e-05
9.519999999999999574e+00,-6.457711812977991878e-03
9.529999999999999361e+00,-3.506064803484021386e-02
9.540000000000000924e+00,-1.598927459525562034e-02
9.550000000000000711e+00,1.944085334951104610e-02
9.560000000000000497e+00,4.632489314042814027e-02
9.570000000000000284e+00,1.981755894871373158e-02
9.580000000000000071e+00,5.070670819156053097e-04
9.589999999999999858e+00,-1.959001992187559341e-02
9.599999999999999645e+00,-1.800083279182457252e-02
9.609999999999999432e+00,-1.878880308499714796e-02
9.620000000000000995e+00,-1.622539365376479692e-02
9.630000000000000782e+00,1.111290157216285671e-02
9.640000000000000568e+00,2.838007049667094252e-03
9.650000000000000355e+00,8.386159702475075306e-03
9.660000000000000142e+00,-1.192488084365999658e-04
9.669999999999999929e+00,1.015085755359047999e-02
9.679999999999999716e+00,1.720254051932539399e-02
9.689999999999999503e+00,1.517449240352532376e-02
9.700000000000001066e+00,2.496345807185364890e-02
9.710000000000000853e+00,1.877390205405455106e-02
9.720000000000000639e+00,-6.003572171044169702e-03
9.730000000000000426e+00,-2.207676646586010163e-02
9.740000000000000213e+00,-7.756995751617402034e-03
9.750000000000000000e+00,1.354143886317619484e-02
9.759999999999999787e+00,1.620933018145907095e-02
9.769999999999999574e+00,1.027084907768660224e-02
9.779999999999999361e+00,3.031002646369333579e-03
9.790000000000000924e+00,2.100146728353318934e-02
9.800000000000000711e+00,6.347699119656347380e-03
9.810000000000000497e+00,1.288819181233495648e-02
9.820000000000000284e+00,-6.663073223784728855e-03
9.830000000000000071e+00,-2.117710232217425229e-02
9.839999999999999858e+00,-1.331362538052330985e-02
9.849999999999999645e+00,4.670988557381176853e-03
9.859999999999999432e+00,4.344025235865214135e-03
9.870000000000000995e+00,-2.267518030952033956e-02
9.880000000000000782e+00,-3.980805721085358545e-02
9.890000000000000568e+00,-2.403869359647743675e-02
9.900000000000000355e+00,-1.318193006228155634e-02
9.910000000000000142e+00,1.608599698405205683e-03
9.919999999999999929e+00,-1.066516244988337941e-02
9.929999999999999716e+00,-7.595575021458728267e-03
9.939999999999999503e+00,-7.383803773411439474e-03
9.950000000000001066e+00,6.118901203069680370e-03
9.960000000000000853e+00,2.236501386236740274e-02
9.970000000000000639e+00,5.436254993186176269e-03
9.980000000000000426e+00,-8.589128663658096921e-03
9.990000000000000213e+00,7.400645464065385044e-03
