0.000000000000000000e+00,-3.242792646098825449e-01
1.000000000000000021e-02,-2.833784182846086908e-01
2.000000000000000042e-02,-1.412170778447274788e-01
2.999999999999999889e-02,-7.993984366963209631e-02
4.000000000000000083e-02,-1.724436524787959779e-01
5.000000000000000278e-02,-1.644581342658523182e-01
5.999999999999999778e-02,-1.260129762325420399e-01
7.000000000000000666e-02,-7.553490283822615614e-02
8.000000000000000167e-02,-6.689924496167981571e-02
8.999999999999999667e-02,-3.542071108583847577e-02
1.000000000000000056e-01,-9.319293614747262838e-03
1.100000000000000006e-01,-1.360823069570006594e-02
1.199999999999999956e-01,2.323006731287314067e-02
1.300000000000000044e-01,4.594330243910932365e-02
1.400000000000000133e-01,4.612775343166019421e-02
1.499999999999999944e-01,7.552321240824709514e-02
1.600000000000000033e-01,1.103462207142730106e-01
1.700000000000000122e-01,9.817345818347170128e-02
1.799999999999999933e-01,1.129499385847452519e-01
1.900000000000000022e-01,1.189014221481781292e-01
2.000000000000000111e-01,1.166577372921555750e-01
2.099999999999999922e-01,1.437781519512375539e-01
2.200000000000000011e-01,1.596987778447315764e-01
2.300000000000000100e-01,1.710963116595531075e-01
2.399999999999999911e-01,1.529057510083664528e-01
2.500000000000000000e-01,1.775079213000221312e-01
2.600000000000000089e-01,1.647891825963488099e-01
2.700000000000000178e-01,1.509936960566461706e-01
2.800000000000000266e-01,1.556148635511064027e-01
2.899999999999999800e-01,1.578761562132970919e-01
2.999999999999999889e-01,1.995760078876926136e-01
3.099999999999999978e-01,2.179726991413037940e-01
3.200000000000000067e-01,1.692903717519831652e-01
3.300000000000000155e-01,1.393704257849120720e-01
3.400000000000000244e-01,1.464083565084054184e-01
3.500000000000000333e-01,1.527772838241354125e-01
3.599999999999999867e-01,1.150118862263166120e-01
3.699999999999999956e-01,1.250244764000162101e-01
3.800000000000000044e-01,1.351314819260742983e-01
3.900000000000000133e-01,1.225194589474083440e-01
4.000000000000000222e-01,1.119973469698242741e-01
4.100000000000000311e-01,9.712393456432752425e-02
4.199999999999999845e-01,1.165436230499592718e-01
4.299999999999999933e-01,9.551331783629708749e-02
4.400000000000000022e-01,1.067671024336903363e-01
4.500000000000000111e-01,8.670211459881171923e-02
4.600000000000000200e-01,4.358726658946793231e-02
4.700000000000000289e-01,5.580094135631639973e-02
4.799999999999999822e-01,8.485292713383049690e-02
4.899999999999999911e-01,5.831877558252241550e-02
5.000000000000000000e-01,4.559228798073645950e-02
5.100000000000000089e-01,1.517734736633280512e-02
5.200000000000000178e-01,5.820554232215573512e-03
5.300000000000000266e-01,4.374663067576759282e-03
5.400000000000000355e-01,-9.665944761160590384e-03
5.500000000000000444e-01,1.094153832030663256e-02
5.600000000000000533e-01,-1.341189891968141805e-02
5.700000000000000622e-01,-5.843825214727557671e-02
5.799999999999999600e-01,-6.873499060430053598e-02
5.899999999999999689e-01,-4.508004420033489418e-02
5.999999999999999778e-01,-4.698462636123146990e-02
6.099999999999999867e-01,-4.960651046833852024e-02
6.199999999999999956e-01,-6.900773335779950002e-02
6.300000000000000044e-01,-8.137924473326631214e-02
6.400000000000000133e-01,-9.466804955708561786e-02
6.500000000000000222e-01,-9.139139976118568209e-02
6.600000000000000311e-01,-8.263282120488593674e-02
6.700000000000000400e-01,-6.581332475504610147e-02
6.800000000000000488e-01,-7.938105461631315973e-02
6.900000000000000577e-01,-1.009646100100991539e-01
7.000000000000000666e-01,-1.242185093948551394e-01
7.099999999999999645e-01,-1.221067137582893675e-01
7.199999999999999734e-01,-1.064303460206495883e-01
7.299999999999999822e-01,-1.038837214474926246e-01
7.399999999999999911e-01,-1.319768747526968156e-01
7.500000000000000000e-01,-1.114937673580551070e-01
7.600000000000000089e-01,-7.877267281224914486e-02
7.700000000000000178e-01,-1.015234315648083224e-01
7.800000000000000266e-01,-1.010928941781992774e-01
7.900000000000000355e-01,-1.064326053788935411e-01
8.000000000000000444e-01,-1.325664570325660319e-01
8.100000000000000533e-01,-1.265703657649145941e-01
8.200000000000000622e-01,-1.019139393164297941e-01
8.300000000000000711e-01,-1.040196269496626164e-01
8.399999999999999689e-01,-9.951917972538505686e-02
8.499999999999999778e-01,-1.083325190889814493e-01
8.599999999999999867e-01,-1.146458181730513337e-01
8.699999999999999956e-01,-1.320234458067506833e-01
8.800000000000000044e-01,-1.131689035495535567e-01
8.900000000000000133e-01,-9.534803190864533928e-02
9.000000000000000222e-01,-8.634690442633702334e-02
9.100000000000000311e-01,-8.452785072207645578e-02
9.200000000000000400e-01,-1.044622877247513848e-01
9.300000000000000488e-01,-1.243098400572536788e-01
9.400000000000000577e-01,-1.130279168207266455e-01
9.500000000000000666e-01,-1.038960387975420008e-01
9.599999999999999645e-01,-9.824827359393033255e-02
9.699999999999999734e-01,-1.032018007846040586e-01
9.799999999999999822e-01,-1.096634182040514827e-01
9.899999999999999911e-01,-7.547638496321346091e-02
1.000000000000000000e+00,-5.878069720873167064e-02
1.010000000000000009e+00,-5.923457079307237888e-02
1.020000000000000018e+00,-6.678793611288445786e-02
1.030000000000000027e+00,-6.456122560472067617e-02
1.040000000000000036e+00,-7.051024201046690587e-02
1.050000000000000044e+00,-6.048914020364659638e-02
1.060000000000000053e+00,-6.395696518970184208e-02
1.070000000000000062e+00,-4.256112524619608262e-02
1.080000000000000071e+00,-3.211196468152056199e-02
1.090000000000000080e+00,-1.610530629148619955e-02
1.100000000000000089e+00,-2.749808734631317697e-02
1.110000000000000098e+00,-1.992802398862484475e-02
1.120000000000000107e+00,-2.443159161720241668e-02
1.130000000000000115e+00,-3.072466053069231040e-02
1.140000000000000124e+00,-3.325701795207261502e-02
1.150000000000000133e+00,-3.570660365670105113e-02
1.159999999999999920e+00,-1.910284264931896847e-02
1.169999999999999929e+00,-1.589182567449701905e-02
1.179999999999999938e+00,-1.975289851535816724e-02
1.189999999999999947e+00,-2.131399579484898749e-02
1.199999999999999956e+00,-3.205097221770839694e-02
1.209999999999999964e+00,-1.336237486568470773e-02
1.219999999999999973e+00,-1.094977373230405712e-02
1.229999999999999982e+00,-9.166542144533841238e-04
1.239999999999999991e+00,2.307967632716502460e-02
1.250000000000000000e+00,4.492381230986547402e-02
1.260000000000000009e+00,3.449925392924559769e-02
1.270000000000000018e+00,4.520467846366330728e-02
1.280000000000000027e+00,2.109546972429257247e-02
1.290000000000000036e+00,4.290411739464396884e-03
1.300000000000000044e+00,8.009723652820099904e-03
1.310000000000000053e+00,-7.193810269805849238e-04
1.320000000000000062e+00,1.933455336886188633e-02
1.330000000000000071e+00,2.095333026716878974e-02
1.340000000000000080e+00,1.241294257519664351e-02
1.350000000000000089e+00,3.494566516656635868e-02
1.360000000000000098e+00,2.193628093381534694e-02
1.370000000000000107e+00,3.569170480232100595e-02
1.380000000000000115e+00,1.704457193624901723e-02
1.390000000000000124e+00,-1.068835058440409901e-02
1.400000000000000133e+00,-1.635724097162518514e-02
1.409999999999999920e+00,-1.813681638570530802e-03
1.419999999999999929e+00,3.666195469537850832e-02
1.429999999999999938e+00,5.725677733420678206e-02
1.439999999999999947e+00,5.591996466058996723e-02
1.449999999999999956e+00,5.229421730026412307e-02
1.459999999999999964e+00,5.012839162544576593e-02
1.469999999999999973e+00,2.569526438737370841e-02
1.479999999999999982e+00,6.522917181922750773e-03
1.489999999999999991e+00,-1.801770868671981416e-03
1.500000000000000000e+00,-4.634424594996864981e-03
1.510000000000000009e+00,1.272370702121389599e-02
1.520000000000000018e+00,2.784869022025056318e-02
1.530000000000000027e+00,4.413002078600426759e-02
1.540000000000000036e+00,4.381858301343449780e-02
1.550000000000000044e+00,3.699974177143693088e-02
1.560000000000000053e+00,2.568233733640082686e-02
1.570000000000000062e+00,2.062908423540665143e-02
1.580000000000000071e+00,2.241839652254674214e-02
1.590000000000000080e+00,1.658417852661845521e-02
1.600000000000000089e+00,1.455837115092059597e-02
1.610000000000000098e+00,3.690332977827672639e-02
1.620000000000000107e+00,5.090026681680578924e-02
1.630000000000000115e+00,2.389670268369550529e-02
1.640000000000000124e+00,5.316398855292629733e-02
1.650000000000000133e+00,7.967562107019854345e-02
1.660000000000000142e+00,9.056285452453495532e-02
1.669999999999999929e+00,4.977218347072426274e-02
1.679999999999999938e+00,1.945436723507246515e-02
1.689999999999999947e+00,9.433107032395846026e-03
1.699999999999999956e+00,1.510448251260658806e-02
1.709999999999999964e+00,2.472683069436088996e-02
1.719999999999999973e+00,7.176753907977300243e-03
1.729999999999999982e+00,2.934684964651974523e-02
1.739999999999999991e+00,3.575891717661512648e-02
1.750000000000000000e+00,2.563699183814927007e-02
1.760000000000000009e+00,6.240978929122856234e-02
1.770000000000000018e+00,6.686145517376264336e-02
1.780000000000000027e+00,2.483796218618540552e-02
1.790000000000000036e+00,-1.235221958217287003e-02
1.800000000000000044e+00,-7.030069282825603984e-03
1.810000000000000053e+00,2.639146107185783019e-02
1.820000000000000062e+00,4.531190659694560308e-02
1.830000000000000071e+00,3.510661237765513865e-02
1.840000000000000080e+00,2.176327408018255763e-02
1.850000000000000089e+00,1.683944773745725890e-02
1.860000000000000098e+00,1.461871428913034954e-02
1.870000000000000107e+00,2.681300809952290656e-02
1.880000000000000115e+00,1.552866368367434398e-03
1.890000000000000124e+00,-1.628501290636635498e-02
1.900000000000000133e+00,-2.678357955565131149e-02
1.910000000000000142e+00,-2.095791759301141033e-02
1.919999999999999929e+00,2.411406505453420057e-03
1.929999999999999938e+00,1.896855340346839669e-02
1.939999999999999947e+00,1.351159162883795424e-03
1.949999999999999956e+00,-7.953430176763155376e-03
1.959999999999999964e+00,-9.701588915650816158e-03
1.969999999999999973e+00,1.048981626586185413e-02
1.979999999999999982e+00,1.491454669040544363e-02
1.989999999999999991e+00,2.572063157504349620e-02
2.000000000000000000e+00,1.652850878336492579e-02
2.010000000000000231e+00,2.686664808026768825e-02
2.020000000000000018e+00,2.119201021825061620e-02
2.030000000000000249e+00,2.072072084190784355e-02
2.040000000000000036e+00,1.256634098372647924e-02
2.049999999999999822e+00,-4.948112992986838758e-03
2.060000000000000053e+00,-1.091526621923884395e-02
2.069999999999999840e+00,-1.789434488807238599e-02
2.080000000000000071e+00,-3.800938526819491042e-02
2.089999999999999858e+00,-4.309352798352802938e-02
2.100000000000000089e+00,-4.338788744055729202e-02
2.109999999999999876e+00,-2.109781669933117471e-02
2.120000000000000107e+00,4.072331869710392460e-03
2.129999999999999893e+00,3.944965051574340908e-02
2.140000000000000124e+00,3.447093934532415721e-02
2.149999999999999911e+00,3.335176747646883405e-02
2.160000000000000142e+00,2.934514557136790047e-02
2.169999999999999929e+00,1.382737210746970598e-02
2.180000000000000160e+00,2.806199027416425140e-03
2.189999999999999947e+00,1.524471430500766445e-02
2.200000000000000178e+00,-5.828226238184707787e-03
2.209999999999999964e+00,-9.663210674399303965e-03
2.220000000000000195e+00,-9.598986668818684787e-03
2.229999999999999982e+00,8.866574009714278323e-03
2.240000000000000213e+00,-2.719448001511763548e-03
2.250000000000000000e+00,6.740766685142680903e-03
2.260000000000000231e+00,3.427543557622998033e-02
2.270000000000000018e+00,2.899705534730318002e-02
2.280000000000000249e+00,2.428043703441000456e-02
2.290000000000000036e+00,2.778265415928110951e-02
2.300000000000000266e+00,1.235810206761740748e-02
2.310000000000000053e+00,-1.260907635731112718e-02
2.319999999999999840e+00,-2.100537269170854419e-03
2.330000000000000071e+00,7.458394373389761953e-03
2.339999999999999858e+00,-7.266072243651573032e-03
2.350000000000000089e+00,-3.594037950663590830e-03
2.359999999999999876e+00,3.427089592442562806e-03
2.370000000000000107e+00,1.910566584155202682e-02
2.379999999999999893e+00,2.607158826452611600e-02
2.390000000000000124e+00,1.676519322725962199e-02
2.399999999999999911e+00,2.838666895058731751e-02
2.410000000000000142e+00,1.938919379232994372e-02
2.419999999999999929e+00,2.307359149869906909e-02
2.430000000000000160e+00,-4.812530968648173584e-03
2.439999999999999947e+00,-2.033617908363252041e-02
2.450000000000000178e+00,-5.776629619076266084e-03
2.459999999999999964e+00,-8.840028575968693304e-04
2.470000000000000195e+00,1.137325323598090132e-02
2.479999999999999982e+00,2.628997283903114664e-03
2.490000000000000213e+00,9.199205668694612065e-03
2.500000000000000000e+00,1.423640068419636945e-02
2.510000000000000231e+00,1.390466290072400757e-04
2.520000000000000018e+00,-1.957107317324330645e-02
2.530000000000000249e+00,-7.927434459187723131e-03
2.540000000000000036e+00,2.856632184000173005e-02
2.550000000000000266e+00,1.447979994950570996e-02
2.560000000000000053e+00,1.422689741765756442e-03
2.569999999999999840e+00,-4.555159464001012556e-03
2.580000000000000071e+00,-1.850458511613632673e-02
2.589999999999999858e+00,6.057347563745333653e-03
2.600000000000000089e+00,2.934403808206506592e-02
2.609999999999999876e+00,1.804619087385768081e-02
2.620000000000000107e+00,5.298151683392512794e-03
2.629999999999999893e+00,-3.906860582071181899e-03
2.640000000000000124e+00,-6.171115293866369193e-03
2.649999999999999911e+00,-4.009977833838614808e-02
2.660000000000000142e+00,-2.928396969545183151e-02
2.669999999999999929e+00,-1.280883873909580140e-02
2.680000000000000160e+00,-3.655648833204128145e-02
2.689999999999999947e+00,-3.132129242020852133e-02
2.700000000000000178e+00,2.585040436020873307e-03
2.709999999999999964e+00,3.219002743487462542e-02
2.720000000000000195e+00,2.267032274652586166e-02
2.729999999999999982e+00,-2.290848786430898110e-03
2.740000000000000213e+00,-5.105611354136641369e-03
2.750000000000000000e+00,6.731882037117106060e-03
2.760000000000000231e+00,-6.482455568419104135e-03
2.770000000000000018e+00,4.046337601316896994e-03
2.780000000000000249e+00,1.778008563539828016e-02
2.790000000000000036e+00,2.837641909166621970e-02
2.800000000000000266e+00,2.254188432437525397e-02
2.810000000000000053e+00,1.688672601188823813e-02
2.819999999999999840e+00,9.000313946511746821e-03
2.830000000000000071e+00,3.905387323389958656e-03
2.839999999999999858e+00,-4.866379642321901934e-03
2.850000000000000089e+00,-3.025040675214069226e-03
2.859999999999999876e+00,-9.787027145644132398e-03
2.870000000000000107e+00,-1.403740549621977293e-02
2.879999999999999893e+00,-4.242514366378792069e-03
2.890000000000000124e+00,-2.056732485365852375e-02
2.899999999999999911e+00,-3.045328088861170776e-02
2.910000000000000142e+00,-1.520231467752366367e-02
2.919999999999999929e+00,7.772642593210720742e-03
2.930000000000000160e+00,8.717314211658282793e-04
2.939999999999999947e+00,-5.572078155644030056e-04
2.950000000000000178e+00,9.277628136658090663e-03
2.959999999999999964e+00,2.037035908911264195e-02
2.970000000000000195e+00,8.747039219142828739e-04
2.979999999999999982e+00,1.365813492304396304e-02
2.990000000000000213e+00,9.348328328571050075e-03
3.000000000000000000e+00,2.568800826743205395e-02
3.010000000000000231e+00,8.596441981425570825e-03
3.020000000000000018e+00,-3.312642535305328467e-03
3.030000000000000249e+00,-4.971374071307564429e-04
3.040000000000000036e+00,3.320728992510919592e-03
3.050000000000000266e+00,1.030731935246210346e-02
3.060000000000000053e+00,-1.529955105754911629e-02
3.070000000000000284e+00,-5.107664446710043563e-03
3.080000000000000071e+00,-1.756630822542163892e-02
3.089999999999999858e+00,-1.709180960600008639e-02
3.100000000000000089e+00,-2.468695700521938638e-02
3.109999999999999876e+00,-3.104787368804935721e-02
3.120000000000000107e+00,-1.625750090534335696e-02
3.129999999999999893e+00,1.296757495267177214e-02
3.140000000000000124e+00,1.149358175698091816e-02
3.149999999999999911e+00,1.368857247245764894e-02
3.160000000000000142e+00,7.202147435307682151e-03
3.169999999999999929e+00,-2.837614560912648035e-02
3.180000000000000160e+00,-3.163129518036380400e-02
3.189999999999999947e+00,4.322598662796795291e-03
3.200000000000000178e+00,2.583646680190509332e-02
3.209999999999999964e+00,2.633988713071520188e-02
3.220000000000000195e+00,2.934903473279218758e-02
3.229999999999999982e+00,1.555611716693824399e-02
3.240000000000000213e+00,9.735839308452724772e-04
3.250000000000000000e+00,-3.022779288574084511e-02
3.260000000000000231e+00,-4.065938459003189814e-02
3.270000000000000018e+00,-6.229766729444929235e-02
3.280000000000000249e+00,-5.137321983021661542e-02
3.290000000000000036e+00,-3.391441299633248668e-02
3.300000000000000266e+00,-1.124612065124212974e-03
3.310000000000000053e+00,3.424689108793438352e-02
3.320000000000000284e+00,2.645207109544816040e-02
3.330000000000000071e+00,6.606518948257172896e-03
3.339999999999999858e+00,-1.744935789433061518e-02
3.350000000000000089e+00,-9.736510359311755999e-03
3.359999999999999876e+00,-1.680560947783013960e-03
3.370000000000000107e+00,1.727100882909000240e-02
3.379999999999999893e+00,1.904056119583076231e-02
3.390000000000000124e+00,-6.608077835029303911e-03
3.399999999999999911e+00,-2.828817195968300405e-02
3.410000000000000142e+00,-7.492670658010319729e-03
3.419999999999999929e+00,-8.407911275886381999e-03
3.430000000000000160e+00,1.172940856022406698e-02
3.439999999999999947e+00,2.463386983499913849e-02
3.450000000000000178e+00,2.373039608328336714e-02
3.459999999999999964e+00,-1.547962429550734341e-02
3.470000000000000195e+00,-1.664580727435963775e-02
3.479999999999999982e+00,1.283193405168391379e-02
3.490000000000000213e+00,5.613478761122628335e-03
3.500000000000000000e+00,1.337773259658971668e-02
3.510000000000000231e+00,8.105049778775295574e-03
3.520000000000000018e+00,-1.293788221198783131e-02
3.530000000000000249e+00,-3.899055583126679984e-03
3.540000000000000036e+00,-6.936446661926199374e-03
3.550000000000000266e+00,8.966009508286807220e-03
3.560000000000000053e+00,-9.818681030783257130e-04
3.570000000000000284e+00,-1.827120692024669993e-02
3.580000000000000071e+00,1.168807964123630243e-02
3.589999999999999858e+00,3.189577324855498441e-02
3.600000000000000089e+00,1.402510418671037290e-02
3.609999999999999876e+00,1.054846015503533782e-02
3.620000000000000107e+00,9.166509554049018238e-03
3.629999999999999893e+00,2.317956864085467597e-02
3.640000000000000124e+00,-2.156860764282511004e-03
3.649999999999999911e+00,-7.754465715780562741e-03
3.660000000000000142e+00,-3.814905031197124256e-03
3.669999999999999929e+00,4.332012123984183699e-03
3.680000000000000160e+00,-1.980975916574550036e-03
3.689999999999999947e+00,6.922730839644145213e-03
3.700000000000000178e+00,-4.254464596505232697e-03
3.709999999999999964e+00,-1.440042771683076352e-02
3.720000000000000195e+00,-3.601971908198264155e-02
3.729999999999999982e+00,-3.080155726505949890e-02
3.740000000000000213e+00,-2.299458894560458058e-02
3.750000000000000000e+00,-1.924312291033589487e-02
3.760000000000000231e+00,-6.331343514235702324e-03
3.770000000000000018e+00,-1.558466921804716257e-02
3.780000000000000249e+00,2.591990286744962589e-03
3.790000000000000036e+00,1.814946839555559716e-02
3.800000000000000266e+00,1.926751035842964171e-02
3.810000000000000053e+00,7.545506511163763662e-03
3.820000000000000284e+00,-2.607948919329228753e-03
3.830000000000000071e+00,-1.615472143575811398e-02
3.839999999999999858e+00,-3.802718917582383756e-02
3.850000000000000089e+00,-3.195057411440754835e-02
3.859999999999999876e+00,-1.471238284945258767e-02
3.870000000000000107e+00,1.115859715665899754e-02
3.879999999999999893e+00,3.532949179580734123e-02
3.890000000000000124e+00,2.600714117130793410e-02
3.899999999999999911e+00,2.667903124320558303e-03
3.910000000000000142e+00,-1.464235362800248193e-02
3.919999999999999929e+00,-1.363813884917399605e-02
3.930000000000000160e+00,-3.511298737572296578e-03
3.939999999999999947e+00,-1.403187113699671043e-02
3.950000000000000178e+00,1.078357148790373352e-02
3.959999999999999964e+00,1.203640137448755941e-02
3.970000000000000195e+00,1.173371586697446144e-02
3.979999999999999982e+00,9.693847492790881246e-03
3.990000000000000213e+00,6.255171999508841053e-04
4.000000000000000000e+00,-2.240830143144743880e-02
4.009999999999999787e+00,-7.159628468281786090e-03
4.020000000000000462e+00,-1.557132304704492674e-02
4.030000000000000249e+00,-9.686682390976076445e-03
4.040000000000000036e+00,-1.262026871379690399e-02
4.049999999999999822e+00,-2.112207387169345169e-02
4.060000000000000497e+00,3.589008492021261276e-03
4.070000000000000284e+00,1.510213219182649814e-02
4.080000000000000071e+00,-4.818272653063965932e-03
4.089999999999999858e+00,4.462848041252602191e-03
4.099999999999999645e+00,1.165481752677215328e-02
4.110000000000000320e+00,1.062064281245739955e-02
4.120000000000000107e+00,4.575419870614828334e-03
4.129999999999999893e+00,8.496405021261666315e-03
4.139999999999999680e+00,6.004108202611191250e-05
4.150000000000000355e+00,1.013769585157628904e-02
4.160000000000000142e+00,3.113066854359706689e-02
4.169999999999999929e+00,-1.075981209614656695e-02
4.179999999999999716e+00,-1.478768319688556106e-02
4.190000000000000391e+00,7.966987728888133904e-03
4.200000000000000178e+00,9.721947577267690127e-03
4.209999999999999964e+00,-1.414126998179223056e-02
4.219999999999999751e+00,-1.864178718568321180e-02
4.230000000000000426e+00,8.896882576591373659e-03
4.240000000000000213e+00,5.008710066449176442e-03
4.250000000000000000e+00,-8.721185213056412144e-03
4.259999999999999787e+00,-1.942625000929037657e-02
4.270000000000000462e+00,-1.838809585439663344e-02
4.280000000000000249e+00,-1.583394111275934768e-02
4.290000000000000036e+00,-1.177437262730016143e-02
4.299999999999999822e+00,-3.492731825600983026e-02
4.310000000000000497e+00,-3.817230249077871451e-02
4.320000000000000284e+00,-3.076091573390466946e-02
4.330000000000000071e+00,-2.389066115105156762e-02
4.339999999999999858e+00,-3.168835812691529058e-02
4.350000000000000533e+00,-8.557673148926823580e-04
4.360000000000000320e+00,2.411297384374781749e-02
4.370000000000000107e+00,6.266404164598649018e-02
4.379999999999999893e+00,4.246964671458052648e-02
4.389999999999999680e+00,-1.578273117521985028e-02
4.400000000000000355e+00,-1.907441058215961563e-02
4.410000000000000142e+00,-7.541336544066202727e-03
4.419999999999999929e+00,-1.460209736941477619e-02
4.429999999999999716e+00,-1.559701285862044075e-02
4.440000000000000391e+00,3.002366929587339632e-04
4.450000000000000178e+00,1.371967245745770066e-02
4.459999999999999964e+00,4.294970183355677901e-02
4.469999999999999751e+00,3.299139787590506245e-02
4.480000000000000426e+00,2.283560151115535813e-02
4.490000000000000213e+00,3.137217497004093220e-02
4.500000000000000000e+00,2.823388716232753254e-02
4.509999999999999787e+00,2.629339116768596510e-02
4.520000000000000462e+00,-6.503660636629143366e-04
4.530000000000000249e+00,-4.441407860927495607e-03
4.540000000000000036e+00,-1.272519795957537288e-02
4.549999999999999822e+00,-1.268206672880520421e-02
4.560000000000000497e+00,-1.051514500765399381e-02
4.570000000000000284e+00,-5.733843213095161928e-03
4.580000000000000071e+00,-1.594520351094840362e-03
4.589999999999999858e+00,-5.820511065590750280e-03
4.600000000000000533e+00,-2.286086995377542910e-02
4.610000000000000320e+00,-1.968847921402708950e-02
4.620000000000000107e+00,1.567386464869734847e-02
4.629999999999999893e+00,2.316623339681812485e-02
4.639999999999999680e+00,1.255264965056324816e-02
4.650000000000000355e+00,-1.341059356230891488e-02
4.660000000000000142e+00,-1.805792622433581920e-02
4.669999999999999929e+00,-2.364720230666602155e-02
4.679999999999999716e+00,-3.095182280832447369e-02
4.690000000000000391e+00,-2.951018222947791175e-02
4.700000000000000178e+00,-2.888634422808077779e-02
4.709999999999999964e+00,1.240075215210531892e-03
4.719999999999999751e+00,1.994166932217389041e-02
4.730000000000000426e+00,1.906574580967863169e-02
4.740000000000000213e+00,-1.146636017124507377e-02
4.750000000000000000e+00,-1.946529283909873009e-02
4.759999999999999787e+00,3.289613206231186034e-03
4.770000000000000462e+00,1.109424743414125746e-02
4.780000000000000249e+00,7.918420926305501720e-03
4.790000000000000036e+00,4.090588017746823145e-03
4.799999999999999822e+00,1.323438202413127450e-02
4.810000000000000497e+00,-5.114791627045801176e-03
4.820000000000000284e+00,-7.993950680017077037e-03
4.830000000000000071e+00,3.579573784470169162e-02
4.839999999999999858e+00,3.737649764394888885e-02
4.850000000000000533e+00,1.453225431843549291e-02
4.860000000000000320e+00,1.140298391719269180e-02
4.870000000000000107e+00,-1.107151092330797316e-02
4.879999999999999893e+00,-2.904496442270994641e-02
4.889999999999999680e+00,-2.738869834059980482e-02
4.900000000000000355e+00,-1.965717371553441645e-02
4.910000000000000142e+00,3.357180006814987783e-03
4.919999999999999929e+00,6.458926199593151285e-03
4.929999999999999716e+00,-1.597253257357843237e-02
4.940000000000000391e+00,-8.524850687451006326e-03
4.950000000000000178e+00,2.252452339606473533e-04
4.959999999999999964e+00,8.660456019137971126e-03
4.969999999999999751e+00,2.517232294949810906e-02
4.980000000000000426e+00,1.330513624976806253e-02
4.990000000000000213e+00,3.903412244401641487e-03
5.000000000000000000e+00,1.942617337548125300e-03
5.009999999999999787e+00,3.729517725950644551e-03
5.020000000000000462e+00,2.465173845788062520e-02
5.030000000000000249e+00,2.328692008283918952e-03
5.040000000000000036e+00,-8.365356989549119736e-04
5.049999999999999822e+00,1.358867097772062729e-02
5.060000000000000497e+00,6.944312145019219951e-03
5.070000000000000284e+00,1.262084748814963717e-03
5.080000000000000071e+00,-1.772866541908482349e-02
5.089999999999999858e+00,-2.913881956138855700e-02
5.100000000000000533e+00,-2.247952629598114899e-02
5.110000000000000320e+00,3.099291322889329969e-03
5.120000000000000107e+00,2.871985505220808060e-02
5.129999999999999893e+00,1.262203590680150041e-02
5.139999999999999680e+00,2.011887564056970973e-02
5.150000000000000355e+00,1.304634480022081808e-02
5.160000000000000142e+00,5.328057787970434320e-03
5.169999999999999929e+00,-2.098181663200378647e-02
5.179999999999999716e+00,-1.310336857874310097e-02
5.190000000000000391e+00,-2.456748289805687178e-03
5.200000000000000178e+00,-3.001339346148380535e-02
5.209999999999999964e+00,-2.891405246450998168e-02
5.219999999999999751e+00,-2.960481532310440395e-02
5.230000000000000426e+00,-8.415828808815124448e-03
5.240000000000000213e+00,8.379629411750370328e-04
5.250000000000000000e+00,-1.220030855335533029e-02
5.259999999999999787e+00,-5.181037277263851951e-03
5.270000000000000462e+00,1.403301174877838280e-02
5.280000000000000249e+00,1.873653374882417941e-02
5.290000000000000036e+00,2.026504806116336335e-02
5.299999999999999822e+00,1.708155723841687373e-02
5.310000000000000497e+00,9.878420504063439161e-03
5.320000000000000284e+00,2.205880808721977226e-02
5.330000000000000071e+00,4.454218898539506755e-02
5.339999999999999858e+00,1.849765684243206976e-02
5.350000000000000533e+00,-5.300295511454764831e-03
5.360000000000000320e+00,-3.597348165976984105e-03
5.370000000000000107e+00,1.151510344256958043e-02
5.379999999999999893e+00,2.349257901670038541e-03
5.389999999999999680e+00,-1.401449151798187139e-02
5.400000000000000355e+00,1.210637724933789211e-02
5.410000000000000142e+00,1.350696089452041795e-02
5.419999999999999929e+00,-1.233703784542743501e-02
5.429999999999999716e+00,-2.357765990945709031e-02
5.440000000000000391e+00,-2.398910232015112956e-02
5.450000000000000178e+00,-3.570472090397134451e-02
5.459999999999999964e+00,-4.173806021853375403e-02
5.469999999999999751e+00,-1.973027841992071665e-02
5.480000000000000426e+00,2.772674757475272755e-02
5.490000000000000213e+00,2.773858927460081183e-02
5.500000000000000000e+00,1.354381231664078360e-02
5.509999999999999787e+00,2.310647968538433183e-02
5.520000000000000462e+00,-7.264599249788492030e-03
5.530000000000000249e+00,-8.144275918593547881e-03
5.540000000000000036e+00,-6.974723783376382373e-03
5.549999999999999822e+00,4.695786496002416627e-03
5.560000000000000497e+00,-1.561333386634909020e-03
5.570000000000000284e+00,-1.000836686740736413e-02
5.580000000000000071e+00,-7.787096980875193647e-04
5.589999999999999858e+00,-1.162860124498998719e-03
5.600000000000000533e+00,-9.449637219466820682e-04
5.610000000000000320e+00,-5.816083679720258047e-03
5.620000000000000107e+00,-3.449549344865883785e-03
5.629999999999999893e+00,-1.292585000249578744e-02
5.639999999999999680e+00,-1.711806677690906608e-02
5.650000000000000355e+00,-1.499819389231077035e-02
5.660000000000000142e+00,-2.029353321921128443e-03
5.669999999999999929e+00,1.764216228275631779e-02
5.679999999999999716e+00,2.519400207424246294e-02
5.690000000000000391e+00,4.180154335454778700e-03
5.700000000000000178e+00,-2.014962572369649596e-02
5.709999999999999964e+00,-1.660496964444687848e-02
5.719999999999999751e+00,-7.891472027839690692e-03
5.730000000000000426e+00,1.078663707649241306e-02
5.740000000000000213e+00,1.504855437490843113e-02
5.750000000000000000e+00,1.799772422951705086e-02
5.759999999999999787e+00,2.284471789114795107e-02
5.770000000000000462e+00,2.998408881194028139e-02
5.780000000000000249e+00,6.710452102342278312e-03
5.790000000000000036e+00,-5.931112239155575221e-03
5.799999999999999822e+00,-2.456517139817684936e-02
5.810000000000000497e+00,-4.042325947406712368e-04
5.820000000000000284e+00,1.519042081992233971e-02
5.830000000000000071e+00,2.130784008113546096e-02
5.839999999999999858e+00,7.009467656639164178e-03
5.850000000000000533e+00,1.422174520113880444e-02
5.860000000000000320e+00,1.358187480637921586e-02
5.870000000000000107e+00,1.429622767566067487e-02
5.879999999999999893e+00,-1.463440436076909358e-02
5.889999999999999680e+00,-7.559080112897104999e-03
5.900000000000000355e+00,-1.031811845901356266e-02
5.910000000000000142e+00,6.490976531285086101e-03
5.919999999999999929e+00,1.495854375298496207e-02
5.929999999999999716e+00,1.282853160919090844e-02
5.940000000000000391e+00,1.439152870367659855e-02
5.950000000000000178e+00,-8.389850209808915812e-03
5.959999999999999964e+00,-2.663677374075418269e-02
5.969999999999999751e+00,-4.137319988419577155e-02
5.980000000000000426e+00,-2.730528160572342003e-02
5.990000000000000213e+00,-9.219278040827817711e-03
6.000000000000000000e+00,8.811927375381499103e-03
6.009999999999999787e+00,1.067021079426911344e-02
6.020000000000000462e+00,2.490373224500836563e-02
6.030000000000000249e+00,1.822187411792368719e-02
6.040000000000000036e+00,3.312290737331847340e-03
6.049999999999999822e+00,-2.108053847669875622e-02
6.060000000000000497e+00,-1.660421111073620559e-02
6.070000000000000284e+00,-1.359962548575206417e-02
6.080000000000000071e+00,1.036778079010451312e-03
6.089999999999999858e+00,1.939788085050562702e-02
6.100000000000000533e+00,-8.315992312230538648e-04
6.110000000000000320e+00,1.077526134495568853e-02
6.120000000000000107e+00,1.875040198535507865e-02
6.129999999999999893e+00,-4.330506447613687894e-03
6.140000000000000568e+00,-2.203343772493706471e-02
6.150000000000000355e+00,-2.999144513086961228e-02
6.160000000000000142e+00,-2.284514339401808383e-02
6.169999999999999929e+00,-1.423040308363903404e-02
6.179999999999999716e+00,-9.992568979178138161e-03
6.190000000000000391e+00,-1.135948918264462204e-03
6.200000000000000178e+00,-1.090042031036789726e-02
6.209999999999999964e+00,8.493543177001169897e-03
6.219999999999999751e+00,-1.977291813584276456e-02
6.230000000000000426e+00,-1.785595899523980887e-02
6.240000000000000213e+00,-2.662541005322048224e-02
6.250000000000000000e+00,-6.789492543306691573e-03
6.259999999999999787e+00,-2.451840254780563236e-02
6.270000000000000462e+00,-5.141813717072747821e-03
6.280000000000000249e+00,3.964413114683167224e-04
6.290000000000000036e+00,5.630294131646697980e-03
6.299999999999999822e+00,1.101828292602687227e-02
6.310000000000000497e+00,1.043261425790800593e-03
6.320000000000000284e+00,1.117139123703936830e-02
6.330000000000000071e+00,1.554279701563493835e-02
6.339999999999999858e+00,2.459784813773903053e-02
6.350000000000000533e+00,1.626719361568754879e-02
6.360000000000000320e+00,-1.327375808768873656e-02
6.370000000000000107e+00,-1.537448928263385542e-02
6.379999999999999893e+00,-7.649839745092621573e-03
6.390000000000000568e+00,2.307247961746409191e-03
6.400000000000000355e+00,7.578042407097996050e-03
6.410000000000000142e+00,2.119927693770580837e-02
6.419999999999999929e+00,2.803841222890373838e-02
6.429999999999999716e+00,-9.810540431162953837e-03
6.440000000000000391e+00,-3.294571469986493084e-02
6.450000000000000178e+00,-1.479151082749471241e-02
6.459999999999999964e+00,1.707003747561459256e-03
6.469999999999999751e+00,2.300942878273004241e-02
6.480000000000000426e+00,1.107891341558987254e-02
6.490000000000000213e+00,2.329625273700338534e-02
6.500000000000000000e+00,4.287807646950798912e-02
6.509999999999999787e+00,3.588252103172537288e-02
6.520000000000000462e+00,1.006657278258734668e-02
6.530000000000000249e+00,-5.193046901424507727e-03
6.540000000000000036e+00,1.026164857522435421e-03
6.549999999999999822e+00,-1.339421755298194315e-02
6.560000000000000497e+00,-8.701465507055149845e-03
6.570000000000000284e+00,7.154209921346687227e-03
6.580000000000000071e+00,-7.846712329519512849e-03
6.589999999999999858e+00,-2.848277814600816416e-02
6.600000000000000533e+00,-1.378626234641946655e-02
6.610000000000000320e+00,2.422742095667526629e-02
6.620000000000000107e+00,3.278343025535027794e-02
6.629999999999999893e+00,3.165021663140124564e-02
6.640000000000000568e+00,1.033108471103355054e-02
6.650000000000000355e+00,-1.304775942164612332e-02
6.660000000000000142e+00,-2.222960429597494684e-03
6.669999999999999929e+00,2.188368580557976950e-02
6.679999999999999716e+00,2.657332667888754121e-02
6.690000000000000391e+00,-9.966398307380689922e-03
6.700000000000000178e+00,-2.814938997373271287e-02
6.709999999999999964e+00,-3.599024919848399506e-02
6.719999999999999751e+00,-2.236994929653201430e-02
6.730000000000000426e+00,-1.300742042260002139e-02
6.740000000000000213e+00,-1.137919900345205765e-02
6.750000000000000000e+00,-5.477311513848936390e-04
6.759999999999999787e+00,-3.370522223057960051e-03
6.770000000000000462e+00,-9.669577629256046955e-03
6.780000000000000249e+00,-1.100186870066211658e-02
6.790000000000000036e+00,-9.507301453890842349e-04
6.799999999999999822e+00,2.627098461301822369e-02
6.810000000000000497e+00,2.936986038685750894e-02
6.820000000000000284e+00,3.263007613476477144e-03
6.830000000000000071e+00,6.949188384105485505e-03
6.839999999999999858e+00,2.355807778531440744e-02
6.850000000000000533e+00,2.196439257190846428e-02
6.860000000000000320e+00,9.705404927441605226e-03
6.870000000000000107e+00,3.726511796220023567e-03
6.879999999999999893e+00,-5.275911945163515478e-03
6.890000000000000568e+00,-1.324030196598011480e-02
6.900000000000000355e+00,5.094559441352359414e-03
6.910000000000000142e+00,4.239649068125394063e-03
6.919999999999999929e+00,3.961597265118547311e-04
6.929999999999999716e+00,3.843686373227123490e-03
6.940000000000000391e+00,-1.155968126210258663e-02
6.950000000000000178e+00,-1.127681278139649503e-02
6.959999999999999964e+00,-1.833669591630729054e-02
6.969999999999999751e+00,-3.195610063243402906e-03
6.980000000000000426e+00,1.752373122612230910e-02
6.990000000000000213e+00,4.953567311862014377e-02
7.000000000000000000e+00,3.620363828225794944e-02
7.009999999999999787e+00,4.593806992850099635e-03
7.020000000000000462e+00,1.125490376906877928e-02
7.030000000000000249e+00,4.597579398404586307e-03
7.040000000000000036e+00,-3.052819765249829495e-02
7.049999999999999822e+00,-6.468056270364611060e-02
7.060000000000000497e+00,-5.650399388491914032e-02
7.070000000000000284e+00,-2.451284143282975517e-02
7.080000000000000071e+00,1.884942988455527626e-03
7.089999999999999858e+00,-1.079175559528956947e-02
7.100000000000000533e+00,-1.361771509544664610e-02
7.110000000000000320e+00,-2.299315024101847640e-02
7.120000000000000107e+00,-1.260238627498079869e-02
7.129999999999999893e+00,4.873068020103756698e-03
7.140000000000000568e+00,6.644628720624361912e-03
7.150000000000000355e+00,-8.501531957464577779e-03
7.160000000000000142e+00,-3.135951265855982384e-02
7.169999999999999929e+00,-2.900373810508975400e-02
7.179999999999999716e+00,-1.144630336747836513e-02
7.190000000000000391e+00,3.331186405682202978e-03
7.200000000000000178e+00,-9.002034499734877515e-04
7.209999999999999964e+00,-3.312703474616874449e-02
7.219999999999999751e+00,-3.484358720270114979e-02
7.230000000000000426e+00,1.028196863615283554e-04
7.240000000000000213e+00,8.692501195884721685e-03
7.250000000000000000e+00,2.489612060705502505e-02
7.259999999999999787e+00,1.007887139910965645e-02
7.270000000000000462e+00,1.734678645300610084e-02
7.280000000000000249e+00,1.150675067485013546e-02
7.290000000000000036e+00,-1.071082031467742151e-03
7.299999999999999822e+00,1.330118662653321897e-02
7.310000000000000497e+00,1.998933167524000881e-02
7.320000000000000284e+00,2.240407578149147816e-02
7.330000000000000071e+00,6.787611564889508252e-03
7.339999999999999858e+00,-8.275268848432958124e-03
7.350000000000000533e+00,-8.067718059026526486e-03
7.360000000000000320e+00,-5.408627135960984711e-03
7.370000000000000107e+00,7.842835501023886699e-03
7.379999999999999893e+00,-4.801480460123660858e-03
7.390000000000000568e+00,-2.153943934646511404e-02
7.400000000000000355e+00,-8.588557118215052466e-03
7.410000000000000142e+00,2.109654169785467673e-03
7.419999999999999929e+00,4.745086962693020709e-03
7.429999999999999716e+00,-9.157688929113156837e-03
7.440000000000000391e+00,1.334878940264353983e-02
7.450000000000000178e+00,2.594613489294713554e-02
7.459999999999999964e+00,1.111726159798720991e-02
7.469999999999999751e+00,8.404742852236985612e-03
7.480000000000000426e+00,6.715528821233140641e-03
7.490000000000000213e+00,2.400397680384900104e-02
7.500000000000000000e+00,2.854662551262600323e-02
7.509999999999999787e+00,-7.900678352637011126e-03
7.520000000000000462e+00,-8.622808363795274322e-03
7.530000000000000249e+00,-1.394148049411397111e-02
7.540000000000000036e+00,-4.374301515262301460e-02
7.549999999999999822e+00,-2.277564141127856254e-02
7.560000000000000497e+00,-2.290221850003338125e-02
7.570000000000000284e+00,-1.503566327281205366e-02
7.580000000000000071e+00,1.012647629162192510e-02
7.589999999999999858e+00,7.767417854181640768e-03
7.600000000000000533e+00,-8.374735103234241806e-03
7.610000000000000320e+00,-7.007274659146725017e-03
7.620000000000000107e+00,-2.060949591592143096e-02
7.629999999999999893e+00,-6.363249853370648960e-03
7.640000000000000568e+00,-1.586146653027285455e-02
7.650000000000000355e+00,-2.022099700614652523e-03
7.660000000000000142e+00,1.746014551690176081e-02
7.669999999999999929e+00,1.055341624425542094e-02
7.679999999999999716e+00,-4.013262799599771023e-03
7.690000000000000391e+00,-1.406268252690695032e-02
7.700000000000000178e+00,2.077821199727544494e-03
7.709999999999999964e+00,-2.146492689192174095e-03
7.719999999999999751e+00,-6.286297901808541623e-03
7.730000000000000426e+00,-5.027298192994417029e-04
7.740000000000000213e+00,2.436726657822679831e-02
7.750000000000000000e+00,1.998520167166617859e-02
7.759999999999999787e+00,8.842503010481291004e-03
7.770000000000000462e+00,1.356920822742744594e-02
7.780000000000000249e+00,2.531700156530634384e-03
7.790000000000000036e+00,-4.121604689268531206e-03
7.799999999999999822e+00,-2.772211041266082901e-05
7.810000000000000497e+00,3.588735367955830924e-02
7.820000000000000284e+00,4.332365650027810572e-02
7.830000000000000071e+00,3.677337151618619016e-02
7.839999999999999858e+00,3.474554058655304756e-02
7.850000000000000533e+00,1.799022895846853071e-02
7.860000000000000320e+00,1.283253990030429510e-02
7.870000000000000107e+00,5.385456562727742279e-03
7.879999999999999893e+00,-3.457733409916128112e-03
7.890000000000000568e+00,5.717293999758671710e-03
7.900000000000000355e+00,2.874853577717509726e-02
7.910000000000000142e+00,2.500717218374230374e-02
7.919999999999999929e+00,3.591180051277555792e-03
7.930000000000000604e+00,9.047519058634144809e-03
7.940000000000000391e+00,-2.617631754800872883e-03
7.950000000000000178e+00,-8.601016560133499219e-04
7.959999999999999964e+00,1.777514493677642693e-02
7.969999999999999751e+00,1.148921175547988963e-02
7.980000000000000426e+00,2.146391283789593138e-02
7.990000000000000213e+00,1.320045995030148973e-02
8.000000000000000000e+00,-3.409038558107576949e-05
8.009999999999999787e+00,-3.671201333208694989e-02
8.019999999999999574e+00,-2.448311253285584063e-02
8.029999999999999361e+00,-8.116791644278404869e-03
8.040000000000000924e+00,5.903563546363357027e-03
8.050000000000000711e+00,2.006152310340180572e-02
8.060000000000000497e+00,4.060423726139598607e-03
8.070000000000000284e+00,-2.900189819300215410e-03
8.080000000000000071e+00,5.895393974614623021e-03
8.089999999999999858e+00,-2.100732184182650328e-02
8.099999999999999645e+00,-3.297932298801588280e-02
8.109999999999999432e+00,-4.366669648961036404e-02
8.120000000000000995e+00,-2.284616725306035795e-02
8.130000000000000782e+00,-3.501015353662997008e-03
8.140000000000000568e+00,-6.771303099844546043e-03
8.150000000000000355e+00,-1.425861679693658443e-02
8.160000000000000142e+00,-3.340826397298728850e-02
8.169999999999999929e+00,-1.945467704479098697e-02
8.179999999999999716e+00,-2.128731910337921737e-02
8.189999999999999503e+00,-2.383079182154984599e-02
8.199999999999999289e+00,-4.966355137954772160e-03
8.210000000000000853e+00,-1.448607215201337412e-03
8.220000000000000639e+00,-5.267869351447646703e-03
8.230000000000000426e+00,4.610866052360165063e-04
8.240000000000000213e+00,-2.320006713946609969e-02
8.250000000000000000e+00,-2.884118580034453552e-02
8.259999999999999787e+00,-1.262526312820772684e-02
8.269999999999999574e+00,2.711181301272011686e-03
8.279999999999999361e+00,-7.711388416917307545e-03
8.290000000000000924e+00,-2.294233967150589165e-02
8.300000000000000711e+00,-4.406642838542999471e-03
8.310000000000000497e+00,2.644052096286953965e-02
8.320000000000000284e+00,4.758969838389907198e-02
8.330000000000000071e+00,3.160119179402951645e-02
8.339999999999999858e+00,1.028520736631260805e-02
8.349999999999999645e+00,6.309613022869399457e-03
8.359999999999999432e+00,1.738662537461216351e-02
8.370000000000000995e+00,-1.943543647639859326e-03
8.380000000000000782e+00,1.732626365636883922e-02
8.390000000000000568e+00,2.053277944823378096e-02
8.400000000000000355e+00,1.652543126577070767e-02
8.410000000000000142e+00,1.559067889756205610e-02
8.419999999999999929e+00,-1.317013318222119570e-03
8.429999999999999716e+00,1.073039203307176760e-02
8.439999999999999503e+00,-1.454338395404927882e-02
8.449999999999999289e+00,-7.165061035931507248e-03
8.460000000000000853e+00,-7.180335150773258825e-03
8.470000000000000639e+00,-2.577934014251248877e-04
8.480000000000000426e+00,-9.811209714204847596e-03
8.490000000000000213e+00,-6.234479599152412815e-03
8.500000000000000000e+00,-6.912450985271147326e-03
8.509999999999999787e+00,1.848962419574881567e-03
8.519999999999999574e+00,6.190306232677762061e-03
8.529999999999999361e+00,4.417461949885422186e-03
8.540000000000000924e+00,-3.863456086714193473e-03
8.550000000000000711e+00,2.240871433076412154e-03
8.560000000000000497e+00,-8.675486148129693889e-03
8.570000000000000284e+00,-3.408137055304906807e-03
8.580000000000000071e+00,1.295693744640088671e-02
8.589999999999999858e+00,5.464168780313576057e-03
8.599999999999999645e+00,1.443384382887993173e-02
8.609999999999999432e+00,3.198076685212000204e-03
8.620000000000000995e+00,-7.502957227194168195e-03
8.630000000000000782e+00,-1.339640376760739809e-03
8.640000000000000568e+00,-1.825234661000265171e-02
8.650000000000000355e+00,-3.105135938856046912e-02
8.660000000000000142e+00,-1.510702116141430726e-02
8.669999999999999929e+00,-1.115505281248249485e-02
8.679999999999999716e+00,2.577499459133454629e-02
8.689999999999999503e+00,1.761902610756515067e-02
8.700000000000001066e+00,9.643015965134213441e-03
8.710000000000000853e+00,1.155055781783472998e-02
8.720000000000000639e+00,8.023018122633509067e-03
8.730000000000000426e+00,1.834681823184100558e-02
8.740000000000000213e+00,1.875933993335685696e-02
8.750000000000000000e+00,2.149572765110557490e-02
8.759999999999999787e+00,1.827854032208993049e-02
8.769999999999999574e+00,8.592511727103548103e-03
8.779999999999999361e+00,9.225838045499486217e-03
8.790000000000000924e+00,3.477176072868275441e-03
8.800000000000000711e+00,-1.815322222998802526e-02
8.810000000000000497e+00,-2.665728588719533387e-02
8.820000000000000284e+00,5.269524399021598571e-04
8.830000000000000071e+00,1.449670820583597204e-02
8.839999999999999858e+00,1.097385885643461893e-02
8.849999999999999645e+00,3.153245726263047277e-02
8.859999999999999432e+00,3.011531959774724557e-02
8.870000000000000995e+00,1.318626648733184879e-02
8.880000000000000782e+00,1.673011438762159880e-02
8.890000000000000568e+00,-1.150960810174777096e-02
8.900000000000000355e+00,-1.642466776549781488e-02
8.910000000000000142e+00,-2.061333002980728427e-02
8.919999999999999929e+00,-2.275071161501088235e-02
8.929999999999999716e+00,-1.435164037415791703e-02
8.939999999999999503e+00,2.211973113073962410e-03
8.950000000000001066e+00,3.185872410362208806e-02
8.960000000000000853e+00,1.030872584524636371e-02
8.970000000000000639e+00,-1.324728854327385935e-02
8.980000000000000426e+00,-2.108327370958577515e-02
8.990000000000000213e+00,-1.374018219652967110e-02
9.000000000000000000e+00,-2.768303530421625108e-02
9.009999999999999787e+00,-9.748910222815893728e-03
9.019999999999999574e+00,1.905341325095253127e-02
9.029999999999999361e+00,2.676332414812723770e-02
9.040000000000000924e+00,2.605528274502894384e-02
9.050000000000000711e+00,2.471173195336963391e-02
9.060000000000000497e+00,9.887704597441582949e-03
9.070000000000000284e+00,-4.390301396690413256e-03
9.080000000000000071e+00,-7.727310677211201434e-03
9.089999999999999858e+00,-1.626420633544129607e-02
9.099999999999999645e+00,-2.172699971251856182e-02
9.109999999999999432e+00,-2.437947961139950992e-02
9.120000000000000995e+00,-1.508224893295988939e-02
9.130000000000000782e+00,-3.860234208614564573e-03
9.140000000000000568e+00,-7.347373051764608150e-03
9.150000000000000355e+00,-1.534492905332779031e-02
9.160000000000000142e+00,-3.083724194342546323e-03
9.169999999999999929e+00,-1.474428266101821504e-02
9.179999999999999716e+00,-1.655677406142068778e-02
9.189999999999999503e+00,-6.600859068376612251e-03
9.200000000000001066e+00,-1.443566328963310878e-03
9.210000000000000853e+00,-8.145859465837589075e-03
9.220000000000000639e+00,1.568311748778374558e-03
9.230000000000000426e+00,-3.071964296955807111e-02
9.240000000000000213e+00,2.529842849147149759e-03
9.250000000000000000e+00,3.726399869381133954e-03
9.259999999999999787e+00,-2.353342735843418337e-06
9.269999999999999574e+00,7.869500852327031629e-03
9.279999999999999361e+00,1.276307628443956559e-02
9.290000000000000924e+00,1.111664347499846314e-02
9.300000000000000711e+00,2.920363737648894479e-04
9.310000000000000497e+00,-9.869612379150482975e-04
9.320000000000000284e+00,1.077934007156624262e-03
9.330000000000000071e+00,1.393544450226231676e-02
9.339999999999999858e+00,-5.818046494132646587e-03
9.349999999999999645e+00,-1.156009077208298118e-02
9.359999999999999432e+00,-2.098810528599243802e-02
9.370000000000000995e+00,-8.040404550625088187e-03
9.380000000000000782e+00,2.229042168400636320e-02
9.390000000000000568e+00,4.056251256940730104e-02
9.400000000000000355e+00,4.312628796364821604e-02
9.410000000000000142e+00,3.408244208575769013e-02
9.419999999999999929e+00,1.897910903408875360e-02
9.429999999999999716e+00,-1.325213604888094039e-02
9.439999999999999503e+00,-2.156512495483456707e-02
9.450000000000001066e+00,-1.641941966804831912e-02
9.460000000000000853e+00,-1.434246832366548041e-02
9.470000000000000639e+00,2.668560648242472664e-03
9.480000000000000426e+00,2.590096019710708825e-02
9.490000000000000213e+00,1.962515178796573820e-02
9.500000000000000000e+00,7.161463188635616532e-03
9.509999999999999787e+00,1.074991433603316067e-02
9.519999999999999574e+00,-9.844453488400588606e-03
9.529999999999999361e+00,-1.619305651395916423e-02
9.540000000000000924e+00,-1.696974338424528383e-02
9.550000000000000711e+00,-4.706222509436790852e-03
9.560000000000000497e+00,-8.271051844275276177e-03
9.570000000000000284e+00,-1.764639951920358649e-02
9.580000000000000071e+00,-1.087058872554843778e-02
9.589999999999999858e+00,2.069202368722723815e-03
9.599999999999999645e+00,3.294622523884003108e-04
9.609999999999999432e+00,-9.376617082110098519e-03
9.620000000000000995e+00,-2.093288772157855891e-03
9.630000000000000782e+00,1.290973319784528882e-03
9.640000000000000568e+00,1.995246800958247121e-02
9.650000000000000355e+00,1.819845787292610068e-02
9.660000000000000142e+00,-1.536304361643908017e-02
9.669999999999999929e+00,-2.833316642499299209e-02
9.679999999999999716e+00,-4.057404903195965112e-02
9.689999999999999503e+00,-1.621560631559602547e-02
9.700000000000001066e+00,-4.449371248521866531e-04
9.710000000000000853e+00,7.515631424661554233e-04
9.720000000000000639e+00,7.101829116905897764e-03
9.730000000000000426e+00,-2.808172659263107052e-02
9.740000000000000213e+00,-6.425167109418434240e-03
9.750000000000000000e+00,-2.678541368699947911e-02
9.759999999999999787e+00,-2.241977566532195668e-02
9.769999999999999574e+00,-2.868867445303715548e-03
9.779999999999999361e+00,2.048754901569975820e-02
9.790000000000000924e+00,1.986839207950745131e-02
9.800000000000000711e+00,2.173563486231813377e-03
9.810000000000000497e+00,1.360688878971424640e-02
9.820000000000000284e+00,1.220970645870092172e-02
9.830000000000000071e+00,7.819252231944755563e-03
9.839999999999999858e+00,-1.204120935862012728e-02
9.849999999999999645e+00,7.103072279284574839e-03
9.859999999999999432e+00,2.030248535705056825e-02
9.870000000000000995e+00,1.264304979472117077e-03
9.880000000000000782e+00,-1.103671349050294390e-02
9.890000000000000568e+00,-1.383765603872813381e-02
9.900000000000000355e+00,9.467965576264392169e-03
9.910000000000000142e+00,9.838232250076812263e-03
9.919999999999999929e+00,2.819641839368581485e-03
9.929999999999999716e+00,3.562304546561897295e-02
9.939999999999999503e+00,2.569112465147431121e-02
9.950000000000001066e+00,3.501846333814296469e-02
9.960000000000000853e+00,2.031931467710459613e-02
9.970000000000000639e+00,-2.259475422406371538e-03
9.980000000000000426e+00,-1.981712606004988955e-02
9.990000000000000213e+00,3.279305602920159698e-03
